set_name,set_code_name,format,date,points,max_points,losses,colors,splash,platform,link
,NEO,Draft,2/3/22,7,7,1,BR,,arena,https://www.17lands.com/deck/7289ee63bf494e5f99a75ed7cb2cbd62/2
,VOW,Draft,14/11/21,7,7,2,WU,,arena,https://www.17lands.com/deck/c60eba35b96f483c9625a9197f51099d/2
,IKO,Draft,22/8/21,7,7,0,WR,,arena,https://www.17lands.com/deck/e0135bc9d24142c88dff04a218096493/2
,DSK,Draft,18/10/24,5,7,3,BG,R,arena,https://www.17lands.com/deck/5604986e012f47628550a38e9fc6e062/1
,DSK,Draft,16/10/24,3,7,3,BR,G,arena,https://www.17lands.com/deck/3e404db70ea642cea3591f9d289c08e2/1
,DSK,Draft,15/10/24,7,7,2,RG,,arena,https://www.17lands.com/deck/239b882189144e6cb9fca76722220dae/1
,AKR,Draft,10/9/24,3,7,3,UR,,arena,https://www.17lands.com/deck/acea26fb19394063b9aaec6b7e194a55/1
,BLB,Draft,14/8/24,5,7,3,BR,,arena,https://www.17lands.com/deck/2728f40daec8401fa1ff186a05099d69/1
,OTJ,Draft,22/6/24,7,7,2,WG,R,arena,https://www.17lands.com/deck/678eab28da514917a3fdb83446fa1d10/1
,OTJ,Draft,26/4/24,6,7,3,WG,B,arena,https://www.17lands.com/deck/8bdfc45a3cef4ff4a07e8c29cab16fee/1
,OTJ,Draft,20/4/24,7,7,2,WG,,arena,https://www.17lands.com/deck/8b4a25114647420fb4f02558b9951260/1
,MKM,Draft,7/3/24,1,7,3,WUR,,arena,https://www.17lands.com/deck/9327e8c9862a4a36887698229307b641/1
,MKM,Draft,24/2/24,2,7,3,UR,WBG,arena,https://www.17lands.com/deck/2ca4c07ea60243dd85fe8d917494d066/1
,MKM,Draft,9/2/24,5,7,3,WUG,,arena,https://www.17lands.com/deck/f499f80185a94150be9ca2ce5318828d/1
,KTK,Draft,22/12/23,1,7,3,WUBRG,,arena,https://www.17lands.com/deck/e4d5f0c3cbc5444ca421b8fd90258d3e/1
,LCI,Draft,29/11/23,2,7,3,WR,G,arena,https://www.17lands.com/deck/8c2996b09f044dc98e0f9bca858b313d/1
,MOM,Draft,5/5/23,3,7,3,UB,,arena,https://www.17lands.com/deck/44c8d66b77b24fc193228d42ba1f8400/1
,MOM,Draft,29/4/23,6,7,3,UG,R,arena,https://www.17lands.com/deck/a57c259ab7f14a92a7fd8af41b23c170/1
,MOM,Draft,23/4/23,4,7,3,WU,,arena,https://www.17lands.com/deck/086cb1c04e3a46d5afd4e54d9541d7b2/1
,MOM,Draft,22/4/23,7,7,1,URG,,arena,https://www.17lands.com/deck/fec89297119643889b2d757ce9038f3d/1
,MOM,Draft,22/4/23,3,7,3,UB,,arena,https://www.17lands.com/deck/d2693bb2af9d426eb5ff3fce7b24a62e/1
,MOM,Draft,20/4/23,7,7,2,UB,,arena,https://www.17lands.com/deck/74c33b6e9e5a468ab85812e1b6e9b09e/1
,SIR,Draft,3/4/23,3,7,3,UR,,arena,https://www.17lands.com/deck/7fb3f1badfd1498c9114c1d300bbfb0d/1
,SIR,Draft,1/4/23,3,7,3,WG,,arena,https://www.17lands.com/deck/7da8f27e619c4816aa73ae717ce9478e/1
,ONE,Draft,16/2/23,2,7,3,WG,,arena,https://www.17lands.com/deck/343175f6188f48598b4e4f70fb2b58c4/1
,BRO,Draft,10/12/22,2,7,3,UB,,arena,https://www.17lands.com/deck/99f4520d28294e40bbd9efd7e4ad885a/1
,ELD,Draft,27/10/22,4,7,3,UR,,arena,https://www.17lands.com/deck/5908223cc1b64b4fa4c7f4435a0ab1c9/1
,DMU,Draft,18/10/22,2,7,3,WUBG,,arena,https://www.17lands.com/deck/56c8fe95f0684fcaa554462a718418a2/1
,DMU,Draft,19/9/22,1,7,3,WU,BG,arena,https://www.17lands.com/deck/3b76e4d9d61d4c758b055d00a37ec7cc/1
,DMU,Draft,8/9/22,3,7,3,UB,W,arena,https://www.17lands.com/deck/b939e0cd1c054d34b866503489803afa/1
,SNC,Draft,6/5/22,2,7,3,UBR,,arena,https://www.17lands.com/deck/15371aa009e9497eb8a31a0ab3bcacf5/1
,NEO,Draft,30/3/22,0,7,3,WBG,,arena,https://www.17lands.com/deck/b3c7992c06b04cccbaf536a9ef6d1029/1
,NEO,Draft,25/3/22,7,7,2,WR,,arena,https://www.17lands.com/deck/dc9b908db99740c791e911179242ecc7/1
,NEO,Draft,9/3/22,7,7,2,R,UG,arena,https://www.17lands.com/deck/bbbbd90da4b64a9d94fd3a81bf4d0068/1
,NEO,Draft,28/2/22,4,7,3,WR,,arena,https://www.17lands.com/deck/168920ff418c4ef2b73a6e75bd60749b/1
,VOW,Draft,24/11/21,2,7,3,UR,,arena,https://www.17lands.com/deck/309ba26eac48454197645272c6eb61ef/1
,MID,Draft,24/9/21,7,7,1,WB,,arena,https://www.17lands.com/deck/3a953bff597947d3a328ba4c4df0ffea/1
,AFR,Draft,18/8/21,5,7,3,RG,,arena,https://www.17lands.com/deck/0f3e08f9731f49fc8e1b4111c568c156/1
,AFR,Draft,28/7/21,1,7,3,WR,,arena,https://www.17lands.com/deck/b52ddbddda7e4dec9ef8697aad32aebd/1
,AFR,Draft,25/7/21,2,7,3,BG,,arena,https://www.17lands.com/deck/abbd4f7bf5bb438fb3cad51856044629/1
,AFR,Draft,23/7/21,4,7,3,RG,B,arena,https://www.17lands.com/deck/730b5158aaac427b9a5b02374e89c4f1/1
,AFR,Draft,18/7/21,2,7,3,UR,,arena,https://www.17lands.com/deck/d33e78317c4a468bb9bfe469480d32fe/1
,AFR,Draft,13/7/21,0,7,0,UB,R,arena,https://www.17lands.com/deck/dd26b21cc4fe4d6d9e4dcf4135845130/1
,AFR,Draft,11/7/21,3,7,3,RG,,arena,https://www.17lands.com/deck/ff7c627657424d3ca6e4e684fc9b9d0c/1
,STX,Draft,5/5/21,5,7,3,UR,W,arena,https://www.17lands.com/deck/58637c3fff134ae6bbd06075a9d9b09d/1
,KHM,Draft,2/3/21,7,7,2,RG,,arena,https://www.17lands.com/deck/4063235d6312429b989c1c27bd33229b/1
,KHM,Draft,25/2/21,1,7,3,WG,,arena,https://www.17lands.com/deck/9344bf5c7df84b5c890679c1e9d6301e/1
,DSK,Draft,2/11/24,7,7,2,WU,,arena,https://www.17lands.com/deck/f3ef0e670a4942448a5be383c3397237/0
,KHM,Draft,24/10/24,7,7,0,WG,BR,arena,https://www.17lands.com/deck/c3b5fefa248e4097bb8dd9c55d820717/0
,KHM,Draft,24/10/24,2,7,3,UR,,arena,https://www.17lands.com/deck/131e4fae8dfa487fa0107610ec9f27a0/0
,DSK,Draft,21/10/24,7,7,2,BR,,arena,https://www.17lands.com/deck/ffc772278f824a39bad20014a663c4c0/0
,DSK,Draft,20/10/24,7,7,2,WR,,arena,https://www.17lands.com/deck/8f9b77f14d604005a5189fa287279f3e/0
,DSK,Draft,19/10/24,7,7,2,WU,B,arena,https://www.17lands.com/deck/b874c8f5d3744d9897d8f74b33ac7f73/0
,DSK,Draft,18/10/24,7,7,0,WR,,arena,https://www.17lands.com/deck/e238ac9f7933451d8c031adf7f62e0cf/0
,DSK,Draft,18/10/24,2,7,3,WR,,arena,https://www.17lands.com/deck/4e913ebc663d4daeb986142801104319/0
,DSK,Draft,16/10/24,4,7,3,WR,,arena,https://www.17lands.com/deck/7c7a124e413842a289d21e7551a3dc63/0
,DSK,Draft,14/10/24,3,7,3,RG,,arena,https://www.17lands.com/deck/0fad0f980f32432c8293622feeefb51c/0
,DSK,Draft,13/10/24,7,7,1,BR,,arena,https://www.17lands.com/deck/ec5e04b1118e4dccb3e2ea32f91d04e6/0
,DSK,Draft,2/10/24,1,7,3,BR,,arena,https://www.17lands.com/deck/176ab7d01d31401ebae8f66c6f269e37/0
,DSK,Draft,1/10/24,1,7,3,WG,B,arena,https://www.17lands.com/deck/f40e56ba2b3447c48bd35741f38313b8/0
,DSK,Draft,30/9/24,4,7,3,WB,,arena,https://www.17lands.com/deck/94c3072c115e49909d62c8463d425c44/0
,DSK,Draft,28/9/24,5,7,3,RG,B,arena,https://www.17lands.com/deck/20555e90d7ec44ae849b131cb23da181/0
,DSK,Draft,27/9/24,3,7,3,BG,,arena,https://www.17lands.com/deck/ccb1a1372a91492597464296a4636f94/0
,DSK,Draft,27/9/24,5,7,3,RG,B,arena,https://www.17lands.com/deck/8e363eda2c4c449992bd2a499fdc401a/0
,DSK,Draft,27/9/24,0,7,3,UG,R,arena,https://www.17lands.com/deck/4aaeca9d61cf414eaee132b849b9f368/0
,DSK,Draft,27/9/24,1,7,3,WB,,arena,https://www.17lands.com/deck/6b8bb19111bd4c82a9bb53ad3236d07a/0
,DSK,Draft,27/9/24,1,7,3,WU,,arena,https://www.17lands.com/deck/ded8fa284f264432b231325291fc144c/0
,DSK,Draft,26/9/24,4,7,3,UR,,arena,https://www.17lands.com/deck/214f4a363a004889b49736f09f4ba483/0
,DSK,Draft,25/9/24,2,7,3,WU,R,arena,https://www.17lands.com/deck/9bad3245da094946b8ad66cd9d3debc9/0
,DSK,Draft,25/9/24,0,7,3,BG,,arena,https://www.17lands.com/deck/ece20754aebf40bfa0b425cd59cb1260/0
,DSK,Draft,25/9/24,2,7,3,RG,,arena,https://www.17lands.com/deck/360b484357534478beba21c4010decb6/0
,ZNR,Draft,22/9/24,7,7,2,WB,,arena,https://www.17lands.com/deck/26f3097ed9d743bf8df465c20beb3a67/0
,ZNR,Draft,21/9/24,5,7,3,UR,,arena,https://www.17lands.com/deck/5965b568bc044e1c91c175c8e4dbfaab/0
,ZNR,Draft,21/9/24,2,7,3,BR,,arena,https://www.17lands.com/deck/4e6b90cbc64e45e38c0ced446deb5619/0
,ZNR,Draft,20/9/24,6,7,3,BR,,arena,https://www.17lands.com/deck/4625c9631af04aa3b6a029b263de7ddd/0
,ZNR,Draft,19/9/24,4,7,3,UR,,arena,https://www.17lands.com/deck/8b490cdbbe1a481c919eaba4d5f40d3e/0
,ZNR,Draft,19/9/24,1,7,3,WB,,arena,https://www.17lands.com/deck/05c6766765d848ffbdf58ce0b7733d49/0
,ZNR,Draft,18/9/24,7,7,1,WR,,arena,https://www.17lands.com/deck/e1d0c10a8e3d44ebbdb6a154a0a73e65/0
,ZNR,Draft,18/9/24,6,7,3,UB,,arena,https://www.17lands.com/deck/85b82c9d032148e193414d755bc0aa70/0
,AKR,Draft,17/9/24,6,7,3,UR,,arena,https://www.17lands.com/deck/a3854ecfa7e04862b28b023a7726ea73/0
,BLB,Draft,15/9/24,3,7,3,UG,,arena,https://www.17lands.com/deck/77c0df7cbb8b4ae8b718b25359648a50/0
,BLB,Draft,14/9/24,5,7,3,WB,UG,arena,https://www.17lands.com/deck/ddc64843b2be463c9b3dbf28e51087ef/0
,AKR,Draft,13/9/24,7,7,1,WR,,arena,https://www.17lands.com/deck/cc51e43817f14e5f8cccf9ffe7a8798f/0
,AKR,Draft,11/9/24,2,7,3,UR,B,arena,https://www.17lands.com/deck/716ef5e419c7489891be74a9494900d4/0
,AKR,Draft,11/9/24,7,7,2,WR,,arena,https://www.17lands.com/deck/63a9577701d74d25b0ede3ba63065db8/0
,AKR,Draft,11/9/24,1,7,3,WB,,arena,https://www.17lands.com/deck/0d94d99c70b8411c9085fc542ba3d27c/0
,DMU,Draft,9/9/24,7,7,0,WR,,arena,https://www.17lands.com/deck/7146560de9424bce82a87082d8e8500d/0
,BLB,Draft,5/9/24,2,7,3,BG,,arena,https://www.17lands.com/deck/cf49d1b1a9fd43ca84b048a038d9afbe/0
,BLB,Draft,3/9/24,1,7,3,WB,,arena,https://www.17lands.com/deck/39cd46493b5944228d05bdd53c397aff/0
,BLB,Draft,2/9/24,7,7,2,BG,WR,arena,https://www.17lands.com/deck/079d06058364450cb567987282cb1af3/0
,BLB,Draft,28/8/24,4,7,3,BG,,arena,https://www.17lands.com/deck/86fe456475884f54906655dc30eebd6c/0
,BLB,Draft,16/8/24,4,7,3,WR,,arena,https://www.17lands.com/deck/fd40e0f9c42c43f0b698b0e2bb3a1d31/0
,BLB,Draft,14/8/24,5,7,3,RG,B,arena,https://www.17lands.com/deck/b0477071e03b49b59a20a1d0c7ea78ad/0
,BLB,Draft,13/8/24,5,7,3,WB,,arena,https://www.17lands.com/deck/140b3a112a91490880c055666ad6741e/0
,BLB,Draft,9/8/24,7,7,2,RG,,arena,https://www.17lands.com/deck/9187229331d2413cb8eb52ad4cfe6d6f/0
,BLB,Draft,8/8/24,2,7,3,BG,,arena,https://www.17lands.com/deck/a5c451f5c78d44c8a2240d83bae289bc/0
,BLB,Draft,6/8/24,7,7,2,WB,,arena,https://www.17lands.com/deck/e84039e960a343b68c40517191bd502d/0
,BLB,Draft,6/8/24,4,7,3,WB,,arena,https://www.17lands.com/deck/2991182284f944a883e0b43d3a8df3d0/0
,BLB,Draft,3/8/24,6,7,3,WUG,,arena,https://www.17lands.com/deck/e827ab943c6c4f6cb36c79867f78c1db/0
,BLB,Draft,2/8/24,4,7,3,WG,U,arena,https://www.17lands.com/deck/87c51a6ae03048ab89389e9c3c63f798/0
,OTJ,Draft,16/7/24,4,7,3,WG,,arena,https://www.17lands.com/deck/994014a338b340d9aa43f4a031f92684/0
,WOE,Draft,11/7/24,1,7,3,BG,W,arena,https://www.17lands.com/deck/eadde5f009e5478db5fa227ee50e5607/0
,OTJ,Draft,31/5/24,7,7,2,BG,W,arena,https://www.17lands.com/deck/31ef355e161f477a82f3b5ce512549f2/0
,THB,Draft,18/5/24,7,7,1,WB,,arena,https://www.17lands.com/deck/4430558029bc404aaa9db748cd92cc58/0
,OTJ,Draft,14/5/24,3,7,3,UB,,arena,https://www.17lands.com/deck/5865d46b9aef44c39b7285ec608ad89b/0
,OTJ,Draft,5/5/24,5,7,3,BG,U,arena,https://www.17lands.com/deck/5265655e86d34da4874624cf9f9b7f76/0
,OTJ,Draft,1/5/24,1,7,3,BG,,arena,https://www.17lands.com/deck/73ec16c55d644267aadba21cd597b726/0
,OTJ,Draft,27/4/24,4,7,3,BG,W,arena,https://www.17lands.com/deck/f0a7a909ac0d42bebc9aff4012a097c8/0
,OTJ,Draft,24/4/24,3,7,3,WRG,,arena,https://www.17lands.com/deck/c0a546534bf14c1e8d37d394879a5857/0
,OTJ,Draft,18/4/24,7,7,1,BRG,,arena,https://www.17lands.com/deck/c88b81833a35405fa21ce93f0adc5083/0
,RAVM,Draft,30/3/24,4,7,3,UG,B,arena,https://www.17lands.com/deck/000e43cca69249ae87d2179699c01dcf/0
,MKM,Draft,27/3/24,4,7,3,WRG,U,arena,https://www.17lands.com/deck/d786cea14a714ee98314df44a241b75f/0
,MKM,Draft,27/3/24,2,7,3,UR,,arena,https://www.17lands.com/deck/f5aa7044232649d7a0f6470ef17980c0/0
,MKM,Draft,20/3/24,2,7,3,UR,,arena,https://www.17lands.com/deck/aa9af0bdb5894234a358364a12823b8d/0
,MKM,Draft,12/3/24,4,7,3,RG,WUB,arena,https://www.17lands.com/deck/91805f6e00e24cbaa216cdaa602ad5ac/0
,MKM,Draft,12/3/24,7,7,1,UBG,,arena,https://www.17lands.com/deck/9dbab3135a95417f8bd7c874e11e4f46/0
,MKM,Draft,8/3/24,5,7,3,WG,,arena,https://www.17lands.com/deck/08024f65f6fc402099631efad44aa03c/0
,MKM,Draft,7/3/24,2,7,3,URG,,arena,https://www.17lands.com/deck/03a29c1ec2e943c99c9e0c0a75157443/0
,MKM,Draft,1/3/24,4,7,3,UB,,arena,https://www.17lands.com/deck/5fcedccacd6948d2a11da73f6dcd2b67/0
,MKM,Draft,1/3/24,4,7,3,BG,,arena,https://www.17lands.com/deck/88b169f992644119a03076ee60ac1072/0
,MKM,Draft,29/2/24,2,7,3,URG,,arena,https://www.17lands.com/deck/16f53f053d094a33b2f00f6a9e4276d4/0
,MKM,Draft,27/2/24,7,7,0,RG,W,arena,https://www.17lands.com/deck/c8554720e8af4f60b6b9a5830a312f45/0
,MKM,Draft,22/2/24,5,7,3,WUG,BR,arena,https://www.17lands.com/deck/17715e84eec54dbd99256bf424f4477f/0
,MKM,Draft,20/2/24,4,7,3,UG,WB,arena,https://www.17lands.com/deck/584f325eae0f424e9c4827d0a1517dad/0
,MKM,Draft,14/2/24,7,7,2,WU,,arena,https://www.17lands.com/deck/b416fa6385e345c9ab5a2063e1908f8a/0
,MKM,Draft,12/2/24,2,7,3,WR,,arena,https://www.17lands.com/deck/1e9b53b6fb584165b902b879bef40142/0
,MKM,Draft,12/2/24,7,7,2,URG,B,arena,https://www.17lands.com/deck/ed0ba0bf08254fbea2cd8e322c3dfdee/0
,MKM,Draft,10/2/24,6,7,3,BG,,arena,https://www.17lands.com/deck/f39106f756784fd3abf80e0e00463c98/0
,MKM,Draft,7/2/24,1,7,3,BR,,arena,https://www.17lands.com/deck/fae128ccf0ae4a8883108da10fde0018/0
,MKM,Draft,7/2/24,3,7,3,UG,,arena,https://www.17lands.com/deck/3f303f012a2947bb87de9ec6c5839a12/0
,MKM,Draft,7/2/24,1,7,3,UB,,arena,https://www.17lands.com/deck/819c36556fe24183a9a0442bf17241ed/0
,LCI,Draft,18/1/24,1,7,3,WU,,arena,https://www.17lands.com/deck/d62ebd3e82054a249558f35722cce53a/0
,KTK,Draft,20/12/23,4,7,3,UBG,,arena,https://www.17lands.com/deck/43a8068f109f443399c51120351aff6f/0
,KTK,Draft,18/12/23,7,7,1,URG,WB,arena,https://www.17lands.com/deck/d2e6934bddb64eca83e4d28419be87f5/0
,KTK,Draft,18/12/23,4,7,3,WBG,,arena,https://www.17lands.com/deck/11500b8d9f09489a82d9f7d1d9b5a388/0
,KTK,Draft,14/12/23,2,7,3,UBG,,arena,https://www.17lands.com/deck/eecab03592524195ab0396c754c902c5/0
,KTK,Draft,12/12/23,7,7,2,WBG,UR,arena,https://www.17lands.com/deck/822371cd1c76467a9e0baa01ddf6a950/0
,LCI,Draft,9/12/23,1,7,3,WU,,arena,https://www.17lands.com/deck/5e2bf7411fa04d83a5065abb213039ae/0
,LCI,Draft,7/12/23,6,7,3,WU,,arena,https://www.17lands.com/deck/17cb7c263b1c41c3a56c145c0b75d211/0
,LCI,Draft,2/12/23,2,7,3,WU,,arena,https://www.17lands.com/deck/83eaf97a2fda4991820a328dcaaed5ff/0
,LCI,Draft,1/12/23,2,7,3,UR,,arena,https://www.17lands.com/deck/e3bad432c0574f34a27437900800cf6d/0
,LCI,Draft,29/11/23,7,7,1,WB,,arena,https://www.17lands.com/deck/dda0bb59cc1241ebab16149635d2e51b/0
,LCI,Draft,29/11/23,4,7,3,UR,,arena,https://www.17lands.com/deck/72426d56af8645bfa604459b0a38cec9/0
,LCI,Draft,29/11/23,3,7,3,UB,,arena,https://www.17lands.com/deck/1a527be432be4d3caed3ce3a11d960d8/0
,LCI,Draft,28/11/23,5,7,3,UG,R,arena,https://www.17lands.com/deck/be785176cb7145ea9b01c11b5af4f0ff/0
,LCI,Draft,28/11/23,2,7,3,WR,,arena,https://www.17lands.com/deck/e474c600003b43bc9e1d35e3ef6c7ee1/0
,LCI,Draft,28/11/23,3,7,3,BR,,arena,https://www.17lands.com/deck/188e73758e374c8e83f7d75b78be3f97/0
,LCI,Draft,28/11/23,4,7,3,UR,,arena,https://www.17lands.com/deck/3eac4f4b55164a019931d0cca8a380aa/0
,LCI,Draft,27/11/23,3,7,3,UR,,arena,https://www.17lands.com/deck/1c0a6744953241c5b88e99181fd67f28/0
,LCI,Draft,26/11/23,4,7,3,WU,,arena,https://www.17lands.com/deck/86f649e4e82d477f86e5816389409c9e/0
,LCI,Draft,26/11/23,1,7,3,WG,,arena,https://www.17lands.com/deck/42db8e2e23c64a13a60fa66020a0ff60/0
,LCI,Draft,24/11/23,5,7,3,WB,,arena,https://www.17lands.com/deck/ee5b45885f7a4af0be7defdad161e680/0
,LCI,Draft,24/11/23,4,7,3,WB,,arena,https://www.17lands.com/deck/7c81bc18deb94b0da3070c2def711411/0
,LCI,Draft,24/11/23,3,7,3,WU,,arena,https://www.17lands.com/deck/0ff92d70c8ae42d784146e621978ac40/0
,LCI,Draft,24/11/23,1,7,3,WR,G,arena,https://www.17lands.com/deck/4db5220efcae4d4ca5a55236b7cc06d5/0
,LCI,Draft,23/11/23,7,7,0,UB,,arena,https://www.17lands.com/deck/482ad7966cbf460b9375184c097233c6/0
,LCI,Draft,22/11/23,7,7,2,UR,,arena,https://www.17lands.com/deck/f0b4c711a1dc47d8a97bfbab473de7b4/0
,LCI,Draft,21/11/23,5,7,3,UR,,arena,https://www.17lands.com/deck/bf5d5b7ef7194c5fb5b60cd11aac9c4e/0
,LCI,Draft,21/11/23,4,7,3,BR,,arena,https://www.17lands.com/deck/803b99ecb6704e8993946408d4152e10/0
,LCI,Draft,19/11/23,5,7,3,B,R,arena,https://www.17lands.com/deck/55d43d1b68a14c02a79a2d22c8b9cbe7/0
,LCI,Draft,18/11/23,7,7,1,UG,,arena,https://www.17lands.com/deck/19d2e7041e2c478ca3c0a5f7e8688edb/0
,LCI,Draft,17/11/23,6,7,3,UR,,arena,https://www.17lands.com/deck/1c7243f8efda4bafafcb03625a84d83c/0
,LCI,Draft,17/11/23,1,7,3,BR,,arena,https://www.17lands.com/deck/01a4c83f0d504ada9826bd895c6c9df2/0
,LCI,Draft,17/11/23,2,7,3,WB,,arena,https://www.17lands.com/deck/5f370e5853d14056875dcddb32f96635/0
,LCI,Draft,16/11/23,6,7,3,RG,,arena,https://www.17lands.com/deck/33687b2dbf1f448d82e5c4c99f1eab22/0
,LCI,Draft,16/11/23,5,7,3,WB,,arena,https://www.17lands.com/deck/bfb4670633224b4aa68efe553ccf9dae/0
,LCI,Draft,15/11/23,6,7,3,BG,,arena,https://www.17lands.com/deck/630871fa163b4bcbb21991f015e6e39d/0
,LCI,Draft,15/11/23,4,7,3,UR,,arena,https://www.17lands.com/deck/a782233928754f06a7a12aadb4771e0e/0
,WOE,Draft,8/11/23,5,7,3,WR,,arena,https://www.17lands.com/deck/599ec6ca1a934b44a084826fe55a6f2e/0
,WOE,Draft,25/10/23,2,7,3,UB,,arena,https://www.17lands.com/deck/753b5eda4078467787135540d9725aef/0
,SIR,Draft,18/10/23,7,7,1,WB,,arena,https://www.17lands.com/deck/33c527d6c9c24e4e9a5783572f5b0b28/0
,WOE,Draft,22/9/23,3,7,3,BG,R,arena,https://www.17lands.com/deck/b1591b550c5d4e25904dbe53dc2cdb55/0
,WOE,Draft,16/9/23,1,7,3,WR,,arena,https://www.17lands.com/deck/97008281e5af453fa960d2aaad076334/0
,WOE,Draft,13/9/23,1,7,3,WR,,arena,https://www.17lands.com/deck/0bfe587f80e04db181aa04dbadb64289/0
,WOE,Draft,13/9/23,0,7,3,BR,,arena,https://www.17lands.com/deck/3d76dd6469114a1aa2df64480e4fd4e9/0
,WOE,Draft,9/9/23,3,7,3,WG,B,arena,https://www.17lands.com/deck/d9f358a4aff746fa9af9852dd1f702c4/0
,WOE,Draft,8/9/23,1,7,3,WU,,arena,https://www.17lands.com/deck/7fb9d73bbee4431c981a8efc8d126132/0
,WOE,Draft,8/9/23,3,7,3,BR,,arena,https://www.17lands.com/deck/a9ba6c20815848efb80fd125bd37e3db/0
,ELD,Draft,15/8/23,1,7,3,UB,,arena,https://www.17lands.com/deck/ea97260d96734bf38071aaab3aa54705/0
,Chaos,Draft,12/8/23,2,7,3,BG,U,arena,https://www.17lands.com/deck/69bacfa952564018a8764fa42f2f4b68/0
,Chaos,Draft,10/8/23,0,7,3,UR,W,arena,https://www.17lands.com/deck/94907b777a1d4815a924f9650f54959f/0
,Chaos,Draft,7/8/23,7,7,1,BG,,arena,https://www.17lands.com/deck/a151dcf2a47743e88807f626f1315243/0
,Chaos,Draft,6/8/23,2,7,3,WG,,arena,https://www.17lands.com/deck/2052d37e6ace4aa2811629ca9e758e7e/0
,Chaos,Draft,6/8/23,7,7,2,WU,,arena,https://www.17lands.com/deck/7a789465c21e40baaa46d6baf2daed5f/0
,Chaos,Draft,6/8/23,1,7,3,UG,B,arena,https://www.17lands.com/deck/888c46fac17c4b39a2d0a30888bb0048/0
,Chaos,Draft,6/8/23,0,7,3,BG,W,arena,https://www.17lands.com/deck/1d28ecee1982428d8eae4a9ae1cad4dc/0
,Chaos,Draft,5/8/23,5,7,3,UB,WR,arena,https://www.17lands.com/deck/b6515f663150459392a5909b80662233/0
,BRO,Draft,1/8/23,1,7,3,BG,,arena,https://www.17lands.com/deck/9d165391ab1c416fa989864be5b0fe18/0
,NEO,Draft,22/7/23,7,7,1,WUG,,arena,https://www.17lands.com/deck/8561f19095134981be0a901bb5164572/0
,NEO,Draft,19/7/23,3,7,3,UB,,arena,https://www.17lands.com/deck/cfc6e4a6efcc4aa1a8733ade67956ea1/0
,NEO,Draft,19/7/23,2,7,3,WG,,arena,https://www.17lands.com/deck/943aee82bd6b4ded81ed1f58474e1548/0
,NEO,Draft,18/7/23,7,7,1,UR,,arena,https://www.17lands.com/deck/3cb6a41c81314c1a9a01acc35296501b/0
,NEO,Draft,16/7/23,4,7,3,UG,R,arena,https://www.17lands.com/deck/afb6a440c67142ee9fdc0c712bb7d43e/0
,MOM,Draft,10/6/23,4,7,3,UBG,,arena,https://www.17lands.com/deck/831186021d4f42c79f74e9e4f2aa825f/0
,MOM,Draft,7/6/23,3,7,3,WU,,arena,https://www.17lands.com/deck/56f5001f19c14624b5711d576bff89c5/0
,MOM,Draft,2/6/23,7,7,2,UB,G,arena,https://www.17lands.com/deck/28708ff9f8624430a01452b3a4dc9c69/0
,MOM,Draft,1/6/23,7,7,2,BG,U,arena,https://www.17lands.com/deck/08790977589d4c999d5fb7498ca6a072/0
,MOM,Draft,24/5/23,1,7,3,WG,B,arena,https://www.17lands.com/deck/b3b3ba9559bd4a71bd4101296bd9c66e/0
,MOM,Draft,18/5/23,4,7,3,UG,,arena,https://www.17lands.com/deck/2cae3c11a72a4e69b3f146430b42ef45/0
,MOM,Draft,15/5/23,7,7,0,UB,,arena,https://www.17lands.com/deck/d9f59caba75f4b75af92aad8cb8841f5/0
,MOM,Draft,13/5/23,7,7,2,WU,,arena,https://www.17lands.com/deck/7ba9b452c9834f1694cc87667ffb241c/0
,MOM,Draft,13/5/23,7,7,2,UG,,arena,https://www.17lands.com/deck/e576354371d94b7d8c31ea7b5ed00c91/0
,MOM,Draft,11/5/23,7,7,2,WU,,arena,https://www.17lands.com/deck/4cf8899f410641a5b88d4e48b014e49c/0
,MOM,Draft,11/5/23,2,7,3,UR,,arena,https://www.17lands.com/deck/6f5092879661433294ede43095750752/0
,MOM,Draft,8/5/23,7,7,2,BG,W,arena,https://www.17lands.com/deck/9397a2784c8348d8bc85deaf894da2e5/0
,MOM,Draft,6/5/23,4,7,3,RG,U,arena,https://www.17lands.com/deck/8a2d6b9659394874b25add18dd2b2177/0
,MOM,Draft,6/5/23,2,7,3,WBG,,arena,https://www.17lands.com/deck/17b0600b83ff42a4a4a951b9ed1b1b73/0
,MOM,Draft,28/4/23,3,7,3,UB,,arena,https://www.17lands.com/deck/f5c89f7144214358a4c9e01b4925a679/0
,MOM,Draft,25/4/23,7,7,1,WU,,arena,https://www.17lands.com/deck/1e312666262a43f5b2d61da6ca1a85f2/0
,MOM,Draft,25/4/23,2,7,3,UG,B,arena,https://www.17lands.com/deck/5ffe19f3f1624879b32b7b5d0bec3a22/0
,MOM,Draft,24/4/23,7,7,1,BG,,arena,https://www.17lands.com/deck/0972f3070b2e42c2898e1ab624b00e0f/0
,MOM,Draft,24/4/23,2,7,3,BG,,arena,https://www.17lands.com/deck/5c0602f775034fe4b158798a0ad8cd1f/0
,MOM,Draft,24/4/23,1,7,3,UB,,arena,https://www.17lands.com/deck/8edfbf01aa2f4329827e1a27c7acd83d/0
,MOM,Draft,22/4/23,1,7,3,UBR,,arena,https://www.17lands.com/deck/c0fbd94493964cb4b1faa73a8565dc93/0
,MOM,Draft,21/4/23,4,7,3,WB,U,arena,https://www.17lands.com/deck/0a9da385ed1d431f962c85acc5c27b7a/0
,SIR,Draft,23/3/23,7,7,2,RG,,arena,https://www.17lands.com/deck/cf0069ae36e447a99b7a2c7698ab84a5/0
,STX,Draft,13/3/23,3,7,3,BG,,arena,https://www.17lands.com/deck/9fbc05eff18e4abdb8b2f0f8c7750e49/0
,ONE,Draft,3/3/23,3,7,3,WR,,arena,https://www.17lands.com/deck/1c4790b36f064c468f18b59c064665ae/0
,ONE,Draft,9/2/23,5,7,3,WR,,arena,https://www.17lands.com/deck/d71adc5db8744752b63af6c029077901/0
,ONE,Draft,8/2/23,4,7,3,BG,,arena,https://www.17lands.com/deck/fa5ae89db8e14be583be5eb5bc4b51af/0
,NEO,Draft,6/2/23,5,7,3,UR,B,arena,https://www.17lands.com/deck/5cfc42d3d0354309b292b4cdedad14c7/0
,NEO,Draft,5/2/23,1,7,3,BR,,arena,https://www.17lands.com/deck/565ded326e0240338f629a27288dce28/0
,NEO,Draft,4/2/23,2,7,3,WG,,arena,https://www.17lands.com/deck/7e3e473b42b94293a3ba806ef5fcc85d/0
,NEO,Draft,4/2/23,6,7,3,WG,R,arena,https://www.17lands.com/deck/61929488a3ce418fadd4b3abfdc621f1/0
,NEO,Draft,3/2/23,6,7,3,WG,,arena,https://www.17lands.com/deck/594f3045140c4711a10275acfbdca4c9/0
,NEO,Draft,3/2/23,4,7,3,BR,,arena,https://www.17lands.com/deck/8ac4027a71124a7ca3db949152a4eb52/0
,KHM,Draft,27/1/23,3,7,3,BG,U,arena,https://www.17lands.com/deck/52d8c8e759784aad9fd04ea79ee3310d/0
,BRO,Draft,4/1/23,7,7,0,WB,,arena,https://www.17lands.com/deck/3f658ed24a0d4f1bab28f6cbb543c567/0
,BRO,Draft,29/12/22,7,7,1,UR,,arena,https://www.17lands.com/deck/dcefdc238e344258b20d1b1d6afb3032/0
,BRO,Draft,27/12/22,7,7,1,WU,,arena,https://www.17lands.com/deck/1d2039f9617b42a1abeef51370f6c959/0
,BRO,Draft,25/12/22,4,7,3,BG,,arena,https://www.17lands.com/deck/b4a58ed66d074bc6b86543db5baa3ecd/0
,BRO,Draft,23/12/22,1,7,3,WR,,arena,https://www.17lands.com/deck/f6e04e769604448cae9909dd1d867aad/0
,BRO,Draft,23/12/22,3,7,3,WU,,arena,https://www.17lands.com/deck/977ed861042844aab36c95ed7dcfa8dd/0
,BRO,Draft,22/12/22,5,7,3,WR,,arena,https://www.17lands.com/deck/faf5a7016e9646429db0e1e5a0110ed3/0
,BRO,Draft,19/12/22,3,7,3,UR,,arena,https://www.17lands.com/deck/6c69aea7e97840dcb03128e5b0c82ce3/0
,BRO,Draft,18/12/22,3,7,3,WB,,arena,https://www.17lands.com/deck/df0321c170b34ef596c02fb0c2dc23b2/0
,BRO,Draft,17/12/22,3,7,3,RG,,arena,https://www.17lands.com/deck/2251e104ac2647d1a219da09073e242b/0
,BRO,Draft,15/12/22,5,7,3,BG,,arena,https://www.17lands.com/deck/28162473303b4324b36ec65f0b089ebb/0
,BRO,Draft,9/12/22,4,7,3,WB,,arena,https://www.17lands.com/deck/ff1e1c9890be4f3c9e563d3daae7383d/0
,BRO,Draft,9/12/22,2,7,3,UR,,arena,https://www.17lands.com/deck/83b7419045994fd6b304905de3599085/0
,BRO,Draft,8/12/22,4,7,3,WR,,arena,https://www.17lands.com/deck/3d767b235b1446fd84052a1e2e2749f4/0
,BRO,Draft,6/12/22,7,7,2,UR,,arena,https://www.17lands.com/deck/d9314e5afaae4ca6897be669faabb2a5/0
,BRO,Draft,5/12/22,1,7,3,UB,,arena,https://www.17lands.com/deck/aa13532508ec493d9995f3285692702a/0
,DMU,Draft,3/11/22,2,7,3,WUG,,arena,https://www.17lands.com/deck/14ea341190de4acb9a16f222fb2c1ad9/0
,DMU,Draft,23/10/22,2,7,2,RG,WB,arena,https://www.17lands.com/deck/5bcb82989f6a47608316f58bda8253e4/0
,DMU,Draft,14/10/22,1,7,3,UBG,W,arena,https://www.17lands.com/deck/967d15c28d8e446d8482a146c5e43066/0
,DMU,Draft,14/10/22,1,7,3,WRG,,arena,https://www.17lands.com/deck/21468ab87abd4fbeaf99867e612ad04f/0
,DMU,Draft,10/10/22,4,7,3,WB,,arena,https://www.17lands.com/deck/ec328e9587ee40dd95b530ee19f442c5/0
,DMU,Draft,7/10/22,7,7,1,WU,RG,arena,https://www.17lands.com/deck/c69ceb53c38c4c0e881e44000f0eb7cf/0
,DMU,Draft,4/10/22,2,7,3,UR,,arena,https://www.17lands.com/deck/387540ffe94c44b780e065aae2b861e2/0
,DMU,Draft,4/10/22,1,7,3,WRG,UB,arena,https://www.17lands.com/deck/b848f1a683134ddab3e0d03e19c91a46/0
,DMU,Draft,2/10/22,4,7,3,UR,,arena,https://www.17lands.com/deck/e2972e4d85854ec486b767611d141c1b/0
,DMU,Draft,28/9/22,0,7,3,WBG,UR,arena,https://www.17lands.com/deck/678a8702f57b4c0db5fd6e91a03e1b04/0
,DMU,Draft,27/9/22,2,7,3,RG,WUB,arena,https://www.17lands.com/deck/8e23c70343f24efd81c6a202d4f3d26f/0
,DMU,Draft,26/9/22,5,7,3,WB,,arena,https://www.17lands.com/deck/a5d7626c5d5a4f28862c0be71691a7aa/0
,DMU,Draft,24/9/22,5,7,3,WR,G,arena,https://www.17lands.com/deck/6e8bac1cc8f34b7ebd91e1d3abc37cd5/0
,DMU,Draft,24/9/22,4,7,3,UG,BR,arena,https://www.17lands.com/deck/8c0bc6efa0f148dc9f945e0ddad2c938/0
,DMU,Draft,23/9/22,3,7,3,WR,,arena,https://www.17lands.com/deck/10d8f24e92dc45c2aed0c39588d90593/0
,DMU,Draft,21/9/22,2,7,3,UR,WB,arena,https://www.17lands.com/deck/2de39c5aa2704ff7b678bfcf6d4e84cb/0
,DMU,Draft,21/9/22,0,7,3,WBG,R,arena,https://www.17lands.com/deck/ee8fa43026504c06be22d7f3964a0eaf/0
,DMU,Draft,19/9/22,7,7,2,WUG,R,arena,https://www.17lands.com/deck/a6ebcdf182784be1b108bb2ae6ac1d8e/0
,DMU,Draft,16/9/22,7,7,2,UBG,,arena,https://www.17lands.com/deck/5265bb5ab05b499ab81826ed6c35a1f9/0
,DMU,Draft,15/9/22,1,7,3,WBG,U,arena,https://www.17lands.com/deck/c786ba7679854ccfac7f8c7c2bba346e/0
,DMU,Draft,13/9/22,1,7,0,UR,B,arena,https://www.17lands.com/deck/43eb8e1068274f328d4f55fac78f0d94/0
,DMU,Draft,11/9/22,7,7,2,BRG,U,arena,https://www.17lands.com/deck/5f5b8c1b221e48b5830ebcde9aeddf69/0
,DMU,Draft,9/9/22,2,7,3,WR,G,arena,https://www.17lands.com/deck/643ba31fd520466dac78885b4987171e/0
,DMU,Draft,8/9/22,5,7,3,UB,G,arena,https://www.17lands.com/deck/ed1b907f729c4f4398b682a3148d68b5/0
,DMU,Draft,5/9/22,6,7,3,WUBG,R,arena,https://www.17lands.com/deck/555a104e9e994c3185a872841ede7cd9/0
,DMU,Draft,5/9/22,3,7,3,BG,WU,arena,https://www.17lands.com/deck/b74b5e8fb7034e92b988c5030e5b378c/0
,AKR,Draft,31/8/22,7,7,0,UR,,arena,https://www.17lands.com/deck/4fe3a8fdf5804534a30b2e2b7b7fc42e/0
,THB,Draft,23/6/22,6,7,3,BG,,arena,https://www.17lands.com/deck/80334aa90ae842e1b1f7516d64914643/0
,THB,Draft,19/6/22,4,7,3,RG,,arena,https://www.17lands.com/deck/4d0a0aab5de84d2b9dc4b04a278daa87/0
,SNC,Draft,28/5/22,2,7,3,RG,WB,arena,https://www.17lands.com/deck/ccd1874ed03040cd8597c380d1a327a8/0
,SNC,Draft,20/5/22,1,7,1,WUB,G,arena,https://www.17lands.com/deck/a8c1188de3984a45a516d726a4686085/0
,SNC,Draft,20/5/22,0,7,0,WUB,G,arena,https://www.17lands.com/deck/11c9628fed5f4bce818b1108cecf436a/0
,SNC,Draft,18/5/22,2,7,3,UBR,,arena,https://www.17lands.com/deck/b54256b541ac4cb7849137326027e4bb/0
,SNC,Draft,18/5/22,0,7,0,UBR,,arena,https://www.17lands.com/deck/b16306a65c5b4194b3d7cdbbadd3bbab/0
,SNC,Draft,15/5/22,6,7,3,WUG,B,arena,https://www.17lands.com/deck/0638c1905fef47da9ddeec676a0ec730/0
,SNC,Draft,12/5/22,7,7,0,WUBRG,,arena,https://www.17lands.com/deck/d455f01b143c47eba831c360cc1447a1/0
,SNC,Draft,7/5/22,7,7,2,BRG,W,arena,https://www.17lands.com/deck/d0ad4330d49e47758c2784cbe6271db2/0
,SNC,Draft,5/5/22,5,7,3,WUB,,arena,https://www.17lands.com/deck/40ccc0ecc77c466c9b94457efdb6a0fa/0
,SNC,Draft,4/5/22,7,7,2,BRG,,arena,https://www.17lands.com/deck/b6d956607ef14b9da18c912fdd5b85a6/0
,NEO,Draft,13/4/22,4,7,3,UR,B,arena,https://www.17lands.com/deck/1d7f4d2bf4264f8fa49156cbdbb64241/0
,NEO,Draft,8/4/22,7,7,1,BR,U,arena,https://www.17lands.com/deck/2c2c129eaf424987a5a598cca4d6253b/0
,DOM,Draft,8/4/22,3,7,3,G,UR,arena,https://www.17lands.com/deck/1f7fabd6d2d74ac29af731ddd1556814/0
,DOM,Draft,7/4/22,3,7,3,WR,,arena,https://www.17lands.com/deck/18e9e80e83f5457f8f9f78077cb6178b/0
,NEO,Draft,29/3/22,2,7,3,BG,,arena,https://www.17lands.com/deck/b7268ff434a34a28949ae7ab8cafb6f4/0
,NEO,Draft,29/3/22,0,7,3,BG,,arena,https://www.17lands.com/deck/42a624132ff741f4a8e83e4c30473f2b/0
,NEO,Draft,29/3/22,0,7,3,WG,R,arena,https://www.17lands.com/deck/b6846266f4764fc1b2fdafca2145b537/0
,NEO,Draft,29/3/22,3,7,3,WG,,arena,https://www.17lands.com/deck/572aa80c4dde4e4794679ef655bf8ce2/0
,NEO,Draft,29/3/22,5,7,3,UR,B,arena,https://www.17lands.com/deck/f7ea0c39e0b44a2aa2f699d3341fe230/0
,NEO,Draft,28/3/22,5,7,3,WB,,arena,https://www.17lands.com/deck/b7ed129826494f528421a1465fdc6f75/0
,NEO,Draft,26/3/22,6,7,3,WB,,arena,https://www.17lands.com/deck/5324c7d0735a4dd1bf10ee0cb76ecb58/0
,NEO,Draft,26/3/22,2,7,3,UB,W,arena,https://www.17lands.com/deck/f1b4706db67441eeb09d88ced620fc8d/0
,NEO,Draft,12/3/22,4,7,2,UB,R,arena,https://www.17lands.com/deck/5af98093d35649bba8b66b029c819637/0
,NEO,Draft,11/3/22,5,7,3,UG,,arena,https://www.17lands.com/deck/8a6270ec59f6446983ce0ac10b0a61e6/0
,NEO,Draft,11/3/22,1,7,3,WG,,arena,https://www.17lands.com/deck/47e85d75568447cabcbfc186497dca66/0
,NEO,Draft,8/3/22,1,7,3,UG,R,arena,https://www.17lands.com/deck/7c2ba24204d2470d808a0c9b20aa79e8/0
,NEO,Draft,7/3/22,5,7,3,RG,,arena,https://www.17lands.com/deck/77754de55c94495aaa084a8e6a96906a/0
,NEO,Draft,4/3/22,6,7,3,WR,,arena,https://www.17lands.com/deck/2744672dde3f44679c20440f7816267e/0
,NEO,Draft,3/3/22,5,7,3,WB,U,arena,https://www.17lands.com/deck/c33ab6206e8b44b7a1bf648cc4c74dc6/0
,NEO,Draft,20/2/22,0,7,3,BG,,arena,https://www.17lands.com/deck/4823434fdb6d44a6a039d55539df7180/0
,NEO,Draft,18/2/22,6,7,3,BR,,arena,https://www.17lands.com/deck/0bd09482aebe4a47b726901a8ea7ba68/0
,NEO,Draft,14/2/22,7,7,2,WU,B,arena,https://www.17lands.com/deck/ef75ea73834d46af8ac0995bc033d0fc/0
,VOW,Draft,1/12/21,5,7,3,BR,,arena,https://www.17lands.com/deck/5550f8ea9b2d434e86ceb3892e1b9df3/0
,VOW,Draft,29/11/21,1,7,3,RG,,arena,https://www.17lands.com/deck/52deb1a1ef8344dc9454810aee5c93f2/0
,VOW,Draft,24/11/21,3,7,3,UB,,arena,https://www.17lands.com/deck/eba01d438f2b42caa83815ada1c158f9/0
,VOW,Draft,23/11/21,1,7,3,WG,,arena,https://www.17lands.com/deck/208b3f6b3347402fb8ccbf1ed9ee7731/0
,VOW,Draft,21/11/21,4,7,3,WB,,arena,https://www.17lands.com/deck/0fa3803e893c463aaba88d9ed5f6030f/0
,VOW,Draft,17/11/21,5,7,3,UG,R,arena,https://www.17lands.com/deck/9ce6b0dee60548f1b7b0c9970b1b3590/0
,MID,Draft,24/9/21,1,7,3,BR,,arena,https://www.17lands.com/deck/2a22c74aa8f94bc8b7197806835af103/0
,MID,Draft,24/9/21,3,7,3,WG,,arena,https://www.17lands.com/deck/399091db6b5d42479c883d83460b6b09/0
,AFR,Draft,5/9/21,5,7,3,BR,,arena,https://www.17lands.com/deck/2c6e2398bb444c2483fefa6a79befdea/0
,KLR,Draft,17/8/21,7,7,2,UG,W,arena,https://www.17lands.com/deck/3578d834f5c748ff9813826b0cb56b48/0
,AFR,Draft,15/8/21,5,7,3,WB,,arena,https://www.17lands.com/deck/b5a4fdf3d590483dba9190962bcd3595/0
,AKR,Draft,11/8/21,2,7,3,UB,,arena,https://www.17lands.com/deck/1807d08282004b59968cbc4b10675cb9/0
,AFR,Draft,6/8/21,3,7,3,BG,,arena,https://www.17lands.com/deck/b784ff2aa8a24f899f2372ece8f3abc1/0
,AFR,Draft,30/7/21,7,7,2,UB,,arena,https://www.17lands.com/deck/0d380243aa264f5cb804f142a850bd11/0
,AFR,Draft,25/7/21,2,7,3,UB,,arena,https://www.17lands.com/deck/7d048dcf5b1044419f66a97fa674ded7/0
,AFR,Draft,23/7/21,3,7,3,RG,,arena,https://www.17lands.com/deck/4dc38a705be44470a96f51edb9f4ccc3/0
,AFR,Draft,20/7/21,3,7,3,BR,,arena,https://www.17lands.com/deck/f5bf4a2c43f7434bad4bfa8dec6e5e27/0
,AFR,Draft,10/7/21,7,7,2,WG,,arena,https://www.17lands.com/deck/222024d6c0a94b58b8848233fbd8e9be/0
,STX,Draft,16/5/21,4,7,3,WB,R,arena,https://www.17lands.com/deck/dc097dd68bca4c1883340fb5d5467da0/0
,STX,Draft,5/5/21,1,7,3,UG,R,arena,https://www.17lands.com/deck/6298c28cd45f49a39c492010317551e3/0
,STX,Draft,1/5/21,3,7,3,UG,,arena,https://www.17lands.com/deck/da63e11aa2c246bc9bfb38c1746bc93a/0
,STX,Draft,20/4/21,7,7,0,WB,,arena,https://www.17lands.com/deck/d1499a6c8b0d464ca7f839921a8b4d4e/0
,STX,Draft,17/4/21,4,7,3,UR,,arena,https://www.17lands.com/deck/7db928b45a654abc8e7eb8cb335d8226/0
,KHM,Draft,19/3/21,7,7,1,UG,B,arena,https://www.17lands.com/deck/46e950e8487a45b58480498a33f7fbdf/0
,KHM,Draft,17/3/21,1,7,3,BG,,arena,https://www.17lands.com/deck/09ecc7628f8e49f2a7a6cd6ac966caed/0
,KHM,Draft,16/3/21,1,7,3,UR,,arena,https://www.17lands.com/deck/8dd070538c6d4db38cd0c294e59a2c71/0
,KHM,Draft,15/3/21,6,7,3,WG,,arena,https://www.17lands.com/deck/6abc94b997a14a1cb4953c4d650166a3/0
,KHM,Draft,14/3/21,3,7,3,WR,G,arena,https://www.17lands.com/deck/66e5fb7547fe49f6b40c44c879bc3f60/0
,KHM,Draft,9/3/21,0,7,3,BG,R,arena,https://www.17lands.com/deck/e9e1ae484ac141aebca57f5e65e220b9/0
,KHM,Draft,4/3/21,4,7,3,BG,W,arena,https://www.17lands.com/deck/71783299cc594aa8ac2ac614ca3c2ef6/0
,KHM,Draft,27/2/21,7,7,2,BG,R,arena,https://www.17lands.com/deck/cc4c14b880ba4a1b9da34646c968a04e/0
,KHM,Draft,26/2/21,7,7,1,RG,B,arena,https://www.17lands.com/deck/9354495bb2254b0e878fb23e7739453e/0
,KHM,Draft,24/2/21,5,7,3,RG,,arena,https://www.17lands.com/deck/d2657647ca074341893911e3bee00723/0
,KHM,Draft,24/2/21,3,7,3,UG,W,arena,https://www.17lands.com/deck/52b0657bd9274918b9044454c98f4ef8/0
,KHM,Draft,19/2/21,5,7,3,WG,R,arena,https://www.17lands.com/deck/846c6462ec1d4a3eabf1144dbf017306/0
,KHM,Draft,19/2/21,1,7,3,UBR,,arena,https://www.17lands.com/deck/9f14fce2e5f8429892e50e17e8e865d4/0
,KHM,Draft,18/2/21,7,7,1,WG,,arena,https://www.17lands.com/deck/58addac52c4c489181a91295b52cb136/0
,BLB,Draft,2/9/24,1,7,2,WR,,arena,https://www.17lands.com/deck/8b6ae87d27184cb380141f1266009b93/0
,BLB,Draft,1/9/24,2,7,3,UR,,arena,https://www.17lands.com/deck/8b6ae87d27184cb380141f1266009b93/0
,OTJ,Draft,1/5/24,2,7,3,WG,,arena,https://www.17lands.com/deck/b058bc021daf41c99dedbdae329bed44/0
,MOM,Draft,21/4/23,3,7,3,BG,,arena,https://www.17lands.com/deck/3b85769cb7d446c5a8bb08481b3a0049/0
,SNC,Draft,4/5/22,2,7,3,WUG,,arena,https://www.17lands.com/deck/e873eb5aa278409b8a7f0f554bb35ae0/0
,NEO,Draft,24/3/22,7,7,1,UB,,arena,https://www.17lands.com/deck/b9e85c902cb04dbf91bed723b5d0a296/0
,NEO,Draft,18/3/22,2,7,1,G,BR,arena,https://www.17lands.com/deck/f4d23070a0264be0b658b06d66a1ad42/0
,VOW,Draft,20/12/21,7,7,2,WB,,arena,https://www.17lands.com/deck/703980e4f3ef403fa32f0ee9b9273219/0
,AFR,Draft,15/7/21,3,7,3,WB,,arena,https://www.17lands.com/deck/18e11896fdc44ca0b62a04950ff75535/0
,STX,Draft,20/4/21,2,7,3,WB,,arena,https://www.17lands.com/deck/9a7fa2b9f4b948699bbc52170f0e4325/0
,KHM,Draft,13/3/21,6,7,3,UR,,arena,https://www.17lands.com/deck/8d0bd7be7bfd4432ae634f7be75a1553/0
,NEO,Sealed,12/2/22,0,7,3,UG,,arena,https://www.17lands.com/deck/4587863840bb4e73ba76908f11259ee3/3
,MID,Sealed,16/9/21,7,7,2,BR,,arena,https://www.17lands.com/deck/34fe49ee14a14c69b9cb8bab2ab708db/2
,SIR,Sealed,22/3/23,3,7,3,WR,U,arena,https://www.17lands.com/deck/d34022921d5b4c909370619180fa94e8/1
,DSK,Sealed,24/9/24,3,7,3,WG,,arena,https://www.17lands.com/deck/c25a9d2bbf0144e88e5cd817558db6a5/0
,BLB,Sealed,30/7/24,1,7,3,WB,U,arena,https://www.17lands.com/deck/a3bbfcf21130412aa95022aa451e0ee7/0
,MH3,Sealed,14/6/24,4,7,3,URG,,arena,https://www.17lands.com/deck/bbb8c42b92c9404dafc5fcdf8495e035/0
,MKM,Sealed,26/2/24,1,7,3,WUR,G,arena,https://www.17lands.com/deck/c8d657be77944fe2b88ba7f8c9557d84/0
,MKM,Sealed,22/2/24,7,7,2,WU,RG,arena,https://www.17lands.com/deck/6681a5fa2ebf457784d04349b7495915/0
,LCI,Sealed,14/11/23,3,7,3,BR,,arena,https://www.17lands.com/deck/08767afcb96d4ccbbcacf533a63923e5/0
,DMU,Sealed,1/9/22,2,7,3,WG,UB,arena,https://www.17lands.com/deck/554c328ed2284c6699cf68177680458f/0
,DMU,Sealed,1/9/22,2,7,3,UG,WBR,arena,https://www.17lands.com/deck/2cc75d10df664f0e9ad0a3969ff1d266/0
,NEO,Sealed,11/2/22,1,7,3,BG,,arena,https://www.17lands.com/deck/18756b33635d45758b479337049ea099/0
,VOW,Sealed,12/11/21,5,7,3,WB,R,arena,https://www.17lands.com/deck/a1b02b33545d4b13b4573b5bd3e824f0/0
,AFR,Sealed,9/7/21,4,7,3,WG,,arena,https://www.17lands.com/deck/d8fcbfb91e7244ecbe7d8dcd6bd56ab6/0
,AFR,Sealed,8/7/21,4,7,3,BG,U,arena,https://www.17lands.com/deck/c392d7d8c0914e5daea1b3538da4a3c2/0
,STX,Sealed,15/4/21,0,7,3,WR,,arena,https://www.17lands.com/deck/a703c8c06e634ddbb9272237f1b086ad/0
,STX,Sealed,15/4/21,1,7,3,URG,W,arena,https://www.17lands.com/deck/bccb579041504b2aa8027a00f16b75e3/0
