set_code_name,format,date,wins,losses,ties,colors,splash,platform,link
KTK,Draft,4/1/15,3,0,0,WBR,,paper,https://photos.google.com/photo/AF1QipPxXtmzR5kiZXaxs4vB9cZXdb2PxV_rSXgBIf5r
FRF,Draft,29/3/15,2,1,0,WR,,paper,https://photos.google.com/photo/AF1QipPhsXMg3xmZzD3rR-LoNaBLeU3bL5ElzF9mkRoP
DTK,Draft,13/4/15,3,0,0,WG,,paper,https://www.tumblr.com/obsidiantide/116296894033/i-drafted-this-baby-last-week-at-a-draft-that?source=share
DTK,Draft,10/5/15,3,0,0,BR,,paper,https://photos.google.com/photo/AF1QipPlIJDx-sMuN4JBmfU5j-dbqoy612xwTyoBPFDX
ORI,Draft,23/6/15,2,1,0,WB,,paper,https://www.tumblr.com/obsidiantide/124831491233/ok-i-decided-ill-upload-all-my-draft-decks-here?source=share
ORI,Draft,19/7/15,3,0,0,WU,,paper,https://photos.google.com/photo/AF1QipO2VbULqJEiKqO-JJQni1WQPm4aa_iJDKicoqOQ
MM2,Draft,25/7/15,2,1,0,WR,,paper,https://www.tumblr.com/obsidiantide/124993778378/drafted-this-at-mm2-ghost-draft-just-now-was-ok?source=share
ORI,Draft,31/7/15,1,2,0,WR,,paper,https://www.tumblr.com/obsidiantide/125526503328/ok-so-i-just-drafted-this-at-an-fnm-in-barcelona?source=share
ORI,Draft,11/8/15,3,0,0,UR,,paper,https://www.tumblr.com/obsidiantide/126422976103/took-me-a-while-to-upload-this-because-the-tumblr?source=share
ORI,Draft,16/8/15,3,0,0,BR,W,paper,https://www.tumblr.com/obsidiantide/126810865443/from-a-draft-at-a-friends-house-yesterday-the?source=share
ORI,Draft,17/8/15,3,0,0,B,,paper,https://www.tumblr.com/obsidiantide/126893839528/fresh-from-yesterday-my-first-monocolor-draft?source=share
ORI,Draft,24/8/15,3,0,0,UR,,paper,https://www.tumblr.com/obsidiantide/127463269523/this-was-far-from-perfect-but-boy-this-was-fun?source=share
ORI,Draft,7/9/15,3,0,0,UR,,paper,https://www.tumblr.com/obsidiantide/128536436453/im-not-addicted-i-can-stop-anytime-i-want?source=share
ORI,Draft,16/9/15,3,0,0,WR,,paper,https://www.tumblr.com/obsidiantide/129201231023/drafted-this-baby-last-sunday-right-before-rosh?source=share
ORI,Draft,17/9/15,3,0,0,RG,,paper,https://www.tumblr.com/obsidiantide/129270408513/a-tad-later-than-promised-but-heres-my-deck-from?source=share
ORI,Draft,22/9/15,2,1,0,BG,,paper,https://www.tumblr.com/obsidiantide/129652037423/ok-im-pretty-sure-this-is-the-worst-deck-i?source=share
BFZ,Sealed,26/9/15,3,2,0,BG,,paper,https://www.tumblr.com/obsidiantide/129968387498/my-deck-from-the-prerelease-went-3-2-in-my?source=share
BFZ,Draft,27/9/15,2,1,0,UG,,paper,https://www.tumblr.com/obsidiantide/129999691388/first-bfz-draft-i-started-with-off-with-the-p1p1?source=share
BFZ,Two-Headed Giant,1/10/15,4,0,0,UR,,paper,https://www.tumblr.com/obsidiantide/130258702553/if-anyone-wonders-how-you-win-a-game-on-turn-5-in?source=share
BFZ,Draft,6/10/15,0,3,0,UG,,paper,https://www.tumblr.com/obsidiantide/130607147653/this-draft-was-stupid-with-the-lack-of-better?source=share
BFZ,Draft,12/10/15,1,2,0,BR,U,paper,https://www.tumblr.com/obsidiantide/131013020298/upside-down-draft-time-flipping-the-picture?source=share
BFZ,Draft,27/10/15,2,1,0,WR,,paper,https://www.tumblr.com/obsidiantide/132013981868/so-i-finally-managed-to-get-a-not-miserable-draft?source=share
BFZ,Draft,8/11/15,2,1,0,WB,U,paper,https://www.tumblr.com/obsidiantide/132787246988/sorry-for-the-delay-heres-my-draft-from-last?source=share
BFZ,Draft,9/11/15,2,1,0,WU,R,paper,https://www.tumblr.com/obsidiantide/132866684713/presenting-from-last-night-as-of-last-week?source=share
BFZ,Draft,17/11/15,2,1,0,UR,,paper,https://www.tumblr.com/obsidiantide/133404164853/sideways-draft-time-this-sunday-was-a-blast-i?source=share
BFZ,Draft,23/11/15,2,1,0,UG,,paper,https://www.tumblr.com/obsidiantide/133787124318/since-i-couldnt-draft-this-sunday-i-arranged-a?source=share
BFZ,Draft,30/11/15,2,1,0,RG,,paper,https://www.tumblr.com/obsidiantide/134254622803/deck-from-yesterdays-draft-as-usual-for-this?source=share
BFZ,Draft,9/12/15,3,0,0,UB,,paper,https://www.tumblr.com/obsidiantide/134856244073/this-strange-brew-won-my-draft-last-sunday?source=share
BFZ,Draft,16/12/15,1,2,0,WR,,paper,https://www.tumblr.com/obsidiantide/135316047928/so-this-draft-wasnt-very-good-finished-1-2-i?source=share
BFZ,Draft,23/12/15,2,1,0,RG,U,paper,https://www.tumblr.com/obsidiantide/135769207778/now-this-was-fun-the-blur-splash-worked-very?source=share
BFZ,Draft,28/12/15,2,1,0,WU,,paper,https://www.tumblr.com/obsidiantide/136104205893/this-is-possibly-the-worst-deck-i-have-ever?source=share
BFZ,Draft,3/1/16,2,1,0,UB,,paper,https://www.tumblr.com/obsidiantide/136539058668/so-i-got-to-draft-this-friday-this-deck-looks?source=share
BFZ,Draft,6/1/16,3,0,0,WB,U,paper,https://www.tumblr.com/obsidiantide/136737003533/for-my-last-bfz-draft-i-did-something-stupid-or?source=share
ORI,Team Sealed,13/1/16,3,0,0,BR,,paper,https://www.tumblr.com/obsidiantide/137209380028/my-deck-from-the-ori-team-sealed-we-did-this?source=share
OGW,Sealed,16/1/16,5,0,0,UB,,paper,https://www.tumblr.com/obsidiantide/137433139593/my-deck-from-the-ogw-prerelease-this-deck-was?source=share
OGW,Draft,20/1/16,1,2,0,UR,,paper,https://www.tumblr.com/obsidiantide/137684589993/so-for-the-first-ogw-draft-i-built-this-pile-of?source=share
OGW,Draft,27/1/16,1,1,1,WB,U,paper,https://www.tumblr.com/obsidiantide/138142556458/last-sunday-i-tried-playing-control-again-it?source=share
OGW,Two-Headed Giant,31/1/16,3,1,0,WB,,paper,https://www.tumblr.com/obsidiantide/138403757833/me-and-my-friends-decks-from-a-2hg-tournament?source=share
OGW,Draft,3/2/16,0,3,0,WR,,paper,https://www.tumblr.com/obsidiantide/138597022508/looks-good-right-ill-tell-you-how-this-went?source=share
OGW,Draft,8/2/16,3,0,0,WR,,paper,https://www.tumblr.com/obsidiantide/138915637133/did-you-ever-draft-upside-down-sorry-my-camera?source=share
OGW,Draft,22/2/16,3,0,0,WR,,paper,https://www.tumblr.com/obsidiantide/139776629958/last-week-i-saw-deadpool-on-sunday-its-just-as?source=share
OGW,Draft,23/2/16,3,0,0,WR,,paper,https://www.tumblr.com/obsidiantide/139842870838/ok-i-swear-i-didnt-want-to-play-rw-again-i?source=share
OGW,Draft,1/3/16,3,0,0,UR,,paper,https://www.tumblr.com/obsidiantide/140265957048/follow-your-heart-and-your-draws-will-follow-i?source=share
MMA,Draft,6/3/16,2,1,0,WUBRG,,paper,https://www.tumblr.com/obsidiantide/140626272378/what-youre-seeing-here-is-the-mma-draft-we-did?source=share
OGW,Draft,7/3/16,2,1,0,WG,,paper,https://www.tumblr.com/obsidiantide/140622739843/my-deck-from-yesterdays-draft-i-kinda-forced?source=share
OGW,Draft,15/3/16,3,0,0,BR,,paper,https://www.tumblr.com/obsidiantide/141088531323/sundays-draft-deck-boy-was-this-fun-this-sort?source=share
OGW,Draft,28/3/16,0,3,0,WG,,paper,https://www.tumblr.com/obsidiantide/141890631973/this-may-very-well-be-the-documentation-of-the?source=share
OGW,Draft,29/3/16,2,1,0,UB,R,paper,https://www.tumblr.com/obsidiantide/141891308358/for-the-final-draft-of-this-format-i-had-fun-i?source=share
SOI,Sealed,3/4/16,4,1,0,BG,R,paper,https://www.tumblr.com/obsidiantide/142174136358/my-deck-from-the-first-soi-prerelease-went-4-1?source=share
SOI,Sealed,6/4/16,2,1,1,UB,,paper,https://www.tumblr.com/obsidiantide/142346477598/my-deck-from-sundays-prerelease-you-might-say?source=share
SOI,Draft,15/4/16,3,0,0,BR,,paper,https://www.tumblr.com/obsidiantide/142779663848/drafted-twice-this-tuesday-the-br-deck-was-for?source=share
SOI,Draft,16/4/16,2,1,0,UB,,paper,https://www.tumblr.com/obsidiantide/142779663848/drafted-twice-this-tuesday-the-br-deck-was-for?source=share
SOI,Draft,26/4/16,2,1,0,WG,,paper,https://www.tumblr.com/obsidiantide/143420996603/my-latest-draft-deck-i-finally-got-to-play-white?source=share
SOI,Draft,4/5/16,2,1,0,UR,B,paper,https://www.tumblr.com/obsidiantide/143830902083/again-with-this-color-combination-this-draft-was?source=share
SOI,Draft,10/5/16,2,1,0,WR,,paper,https://www.tumblr.com/obsidiantide/144148490828/my-deck-from-last-sunday-2-1-losing-only-to?source=share
SOI,Draft,29/5/16,2,1,0,UG,B,paper,https://www.tumblr.com/obsidiantide/145087099128/this-was-so-much-fun-a-deck-full-of-bombs-with?source=share
SOI,Draft,14/6/16,3,0,0,UR,,paper,https://www.tumblr.com/obsidiantide/145908183073/this-deck-was-great-i-got-the-startled-awake-on?source=share
SOI,Draft,23/6/16,1,2,0,BR,,paper,https://www.tumblr.com/obsidiantide/146346727768/from-sundays-draft-i-played-the-br-deck-0-2-1?source=share
SOI,Draft,6/7/16,0,3,0,WU,,paper,https://www.tumblr.com/obsidiantide/146985076363/this-deck-really-could-have-been-fun-i-had-5?source=share
SOI,Draft,13/7/16,2,1,0,BR,,paper,https://www.tumblr.com/obsidiantide/147331839773/my-last-soi-draft-deck-no-the-50-nis-bill-was?source=share
EMN,Sealed,18/7/16,5,0,0,WU,,paper,https://www.tumblr.com/obsidiantide/147585528978/i-won-the-saturday-prerelease-this-deck-was?source=share
EMN,Sealed,20/7/16,4,0,0,WB,,paper,https://www.tumblr.com/obsidiantide/147739836578/aaand-i-won-the-sunday-prerelease-as-well-some?source=share
EMN,Two-Headed Giant,21/7/16,5,0,0,UR,U,paper,https://www.tumblr.com/obsidiantide/147747412368/im-on-a-roll-won-the-2hg-prerelease-yesterday-as?source=share
EMN,Two-Headed Giant,29/7/16,4,0,0,BG,,paper,https://www.tumblr.com/obsidiantide/148142114713/this-is-getting-slightly-ridiculous-i-won-another?source=share
EMN,Draft,4/8/16,3,0,0,BR,,paper,https://www.tumblr.com/obsidiantide/148435141243/3-0-beat-arnon120-and-his-liliana-at-the?source=share
EMN,Draft,7/8/16,2,1,0,UB,,paper,https://www.tumblr.com/obsidiantide/148579784063/i-am-dethroned-2-1-lost-at-the-finals-to?source=share
EMN,Draft,3/9/16,2,1,0,BG,,paper,https://www.tumblr.com/obsidiantide/149899178493/two-drafts-in-one-night-both-were-2-1-power?source=share
EMN,Draft,4/9/16,2,1,0,WG,,paper,https://www.tumblr.com/obsidiantide/149899178493/two-drafts-in-one-night-both-were-2-1-power?source=share
EMN,Draft,5/9/16,2,1,0,BG,,paper,https://photos.google.com/photo/AF1QipM6pgsCb_yM75ViK4zDFgD5E6pqmrbptxCKphrr
EMN,Draft,11/9/16,3,0,0,UR,,paper,https://photos.google.com/photo/AF1QipP5W1olf2Gb4UQqi7KB9WShHkSJ1B_BWLd_md7y
EMN,Draft,15/9/16,3,0,0,BR,,paper,https://photos.google.com/photo/AF1QipNBow-cuQt_z1M33HRYQssW4hv5wdtKGb72ho1P
KLD,Sealed,2/10/16,5,1,0,UB,,paper,https://photos.google.com/photo/AF1QipM1PZYPiwvEm-we1k-JYLUvxzPvfOoXs7Wxy1Cm
KLD,Sealed,9/10/16,4,0,0,UR,,paper,https://photos.google.com/photo/AF1QipOHIBtXgngEBo1u5BhWit2Os_KoEbWWCMzVgnc3
KLD,Draft,23/10/16,2,1,0,WR,,paper,https://photos.google.com/photo/AF1QipOyJ-G8nIKaAgej3kr4W-osDJzAvO7UwhyUQmAr
KLD,Draft,6/11/16,2,1,0,WR,,paper,https://photos.google.com/photo/AF1QipNS_uOTGrktJ24w9QAwqOWvYkzk9SROn1mD5TLT
KLD,Draft,4/12/16,3,0,0,UB,,paper,https://photos.google.com/photo/AF1QipOgeI2Y1AFoKzDkO057zYq1odE71n8_IRda9GkE
AER,Sealed,22/1/17,2,1,1,BR,U,paper,https://photos.google.com/photo/AF1QipO8pn7x9Ki16ZBNiRnlFuHD91WTIbscYdeiJl-S
AKH,Draft,3/5/17,2,1,0,UB,,paper,https://www.instagram.com/p/BTnkPfxlmzi/
AKH,Draft,8/5/17,1,1,1,UB,,paper,https://www.instagram.com/p/BT0oBUXFbi2/
AKH,Draft,17/5/17,1,1,1,BG,,paper,https://www.instagram.com/p/BUMNYF-FJm0/
AKH,Draft,23/5/17,3,0,0,BR,,paper,https://www.instagram.com/p/BUb9RsEFG9S/
THS,Draft,5/6/17,2,1,0,WU,,paper,https://www.instagram.com/p/BU87o4jFEdL/
AKH,Draft,7/6/17,3,0,0,WB,,paper,https://www.instagram.com/p/BVCRAl6FmPF/
AKH,Draft,13/6/17,2,1,0,WR,,paper,https://www.instagram.com/p/BVR8e65FYjF/
AKH,Draft,23/6/17,3,0,0,WB,,paper,https://www.instagram.com/p/BVr6-PJlyz2/
MM3,Draft,26/6/17,3,0,0,UR,B,paper,https://www.instagram.com/p/BVzQT5xFrEH/
HOU,Sealed,10/7/17,2,1,0,BG,,paper,https://www.instagram.com/p/BWXTyrfFBsy/
HOU,Sealed,11/7/17,3,0,0,WB,,paper,https://www.instagram.com/p/BWZ3LcoF9R7/
HOU,Sealed,12/7/17,3,0,0,BG,R,paper,https://www.instagram.com/p/BWcGlAtlXOv/
HOU,Draft,5/8/17,3,0,0,WU,,paper,https://www.instagram.com/p/BXZ3ftNlJL3/
HOU,Draft,4/9/17,2,1,0,RG,,paper,https://www.instagram.com/p/BYndaDOlhKm/
HOU,Draft,12/9/17,2,0,1,UB,,paper,https://www.instagram.com/p/BY8K827la8T/
HOU,Draft,17/9/17,2,1,0,WU,,paper,https://www.instagram.com/p/BZJuii0FGfJ/
HOU,Draft,19/9/17,2,1,0,UB,,paper,https://www.instagram.com/p/BZMzZOTFDjl/
XLN,Sealed,26/9/17,3,0,0,WG,,paper,https://www.instagram.com/p/BZf16anFBHJ/
XLN,Sealed,27/9/17,4,1,0,RG,,paper,https://www.instagram.com/p/BZg18hBFXYY/
XLN,Sealed,30/9/17,4,0,0,UB,,paper,https://www.instagram.com/p/BZrUgG9Fjak/
CN2,Draft,2/10/17,1,2,0,WR,,paper,https://www.instagram.com/p/BZwKViaF6-r/
XLN,Draft,9/10/17,1,2,0,BG,,paper,https://www.instagram.com/p/BaBrGwylMlV/
XLN,Draft,26/10/17,2,1,0,UG,,paper,https://www.instagram.com/p/BatEHFEFcQY/
XLN,Draft,30/10/17,3,0,0,WB,,paper,https://www.instagram.com/p/Ba34zWblyGD/
XLN,Draft,7/11/17,3,0,0,RG,,paper,https://www.instagram.com/p/BbMSdHUlqan/
XLN,Draft,22/11/17,3,0,0,UG,,paper,https://www.instagram.com/p/Bbyxix8FpzS/
XLN,Draft,5/12/17,3,0,0,UR,,paper,https://www.instagram.com/p/BcUUqz6FK1W/
UST,Sealed,14/12/17,2,0,0,WG,B,paper,https://www.instagram.com/p/Bcrl7Wqlk-a/
XLN,Draft,27/12/17,1,2,0,WB,,paper,https://www.instagram.com/p/BdM3B2vFioZ/
EMN,Draft,11/1/18,2,1,0,WR,,paper,https://www.instagram.com/p/Bd0JxKAl8GQ/
RIX,Sealed,17/1/18,2,1,0,RG,U,paper,https://www.instagram.com/p/BeC4HZMFhMG/
RIX,Sealed,18/1/18,5,0,0,WB,,paper,https://www.instagram.com/p/BeFikmUl74w/
RIX,Sealed,20/1/18,3,1,0,WR,,paper,https://www.instagram.com/p/BeKrZ6glwwf/
RIX,Draft,8/2/18,2,1,0,WR,,paper,https://www.instagram.com/p/Be8sV2lFfSJ/
RIX,Draft,21/2/18,1,2,0,UB,G,paper,https://www.instagram.com/p/BfdICU-F2sq/
RIX,Team Sealed,24/2/18,1,2,0,RG,B,paper,https://www.instagram.com/p/Bfl4Cydl94c/
RIX,Draft,1/3/18,2,1,0,BG,,paper,https://www.instagram.com/p/BfylnEmlg5w/
RIX,Draft,5/3/18,1,2,0,UB,,paper,https://www.instagram.com/p/Bf-p3wqFW5-/
RIX,Draft,6/3/18,2,1,0,WG,B,paper,https://www.instagram.com/p/Bf_nSEtFx7R/
RIX,Team Sealed,26/3/18,3,0,0,WB,,paper,https://www.instagram.com/p/Bgxo1UMlpBv/
RIX,Team Sealed,31/3/18,6,2,0,UB,,paper,https://www.instagram.com/p/BhBFSQ9FDnY/
RIX,Team Sealed,1/4/18,5,1,0,BG,,paper,https://www.instagram.com/p/BhRVj5YAXrp/
A25,Sealed,16/4/18,3,0,0,UB,R,paper,https://www.instagram.com/p/BhoF5R9h6Lx/
DOM,Sealed,23/4/18,2,1,0,WU,B,paper,https://www.instagram.com/p/Bh7JT-WhXDg/
DOM,Sealed,25/4/18,3,2,0,RG,,paper,https://www.instagram.com/p/BiBwztbhlS4/
DOM,Sealed,26/4/18,2,1,1,BG,R,paper,https://www.instagram.com/p/BiDLNAgB08S/
DOM,Draft,2/5/18,1,2,0,RG,W,paper,https://www.instagram.com/p/BiRTuqjhy3J/
DOM,Draft,14/5/18,2,1,0,WB,,paper,https://www.instagram.com/p/BiwC3OlBprh/
DOM,Draft,2/6/18,2,1,0,BG,,paper,https://www.instagram.com/p/BjhoAyDhklR/
DOM,Draft,5/6/18,2,1,0,WB,,paper,https://www.instagram.com/p/Bjor48uhw5V/
DOM,Draft,11/6/18,2,1,0,WB,R,paper,https://www.instagram.com/p/Bj4DUSUhE74/
DOM,Draft,23/6/18,2,1,0,BG,,paper,https://www.instagram.com/p/BkX4tAzBA_1/
DOM,Draft,4/7/18,2,1,0,WU,,paper,https://www.instagram.com/p/BkzTXpGhxNg/
M19,Sealed,14/7/18,3,0,0,BR,,paper,https://www.instagram.com/p/BlOt7grBqzG/
M19,Sealed,16/7/18,2,2,0,WU,,paper,https://www.instagram.com/p/BlSRcYXBm7P/
M19,Draft,20/7/18,2,1,0,RG,,paper,https://www.instagram.com/p/BldfmLTBUB5/
M19,Draft,23/7/18,3,0,0,RG,W,paper,https://www.instagram.com/p/Bll9IuGhk72/
M19,Draft,30/7/18,1,2,0,RW,,paper,https://www.instagram.com/p/Bl3rJBNBC1V/
M19,Draft,5/8/18,2,1,0,RG,,paper,https://www.instagram.com/p/BmFnZuVBVrh/
M19,Draft,6/8/18,2,1,0,RW,,paper,https://www.instagram.com/p/BmJijL4hKA-/
M19,Draft,11/8/18,2,1,0,WB,,paper,https://www.instagram.com/p/BmVVONdhyp7/
M19,Draft,16/8/18,1,1,1,UB,G,paper,https://www.instagram.com/p/Bmh5H_ShAwf/
M19,Draft,23/8/18,2,1,0,RW,,paper,https://www.instagram.com/p/Bm0JYY7h0ID/
M19,Draft,2/10/18,2,1,0,UB,,paper,https://www.instagram.com/p/Bob6kNmh35i/
GRN,Sealed,11/10/18,6,0,0,UB,,paper,https://www.instagram.com/p/BozoFgyhTDV/
GRN,Sealed,21/10/18,1,2,0,WR,,paper,https://www.instagram.com/p/BpMhPlVBeqq/
GRN,Draft,24/10/18,3,0,0,UBG,,paper,https://www.instagram.com/p/BpTzLVDBQYw/
GRN,Draft,29/10/18,2,1,0,UB,R,paper,https://www.instagram.com/p/BpgktLYhqHL/
GRN,Draft,13/11/18,2,1,0,UB,,paper,https://www.instagram.com/p/BqHUOFWgbeb/
GRN,Draft,4/12/18,2,1,0,BG,W,paper,https://www.instagram.com/p/Bq-ZxGjAeVR/
GRN,Draft,11/12/18,2,1,0,WG,,paper,https://www.instagram.com/p/BrPbH5UgVba/
GRN,Draft,7/1/19,2,1,0,UR,W,paper,https://www.instagram.com/p/BsVh1OPAk-L/
RNA,Sealed,23/1/19,3,1,0,BRG,,paper,https://www.instagram.com/p/Bs-PscygA6r/
RNA,Draft,5/2/19,3,0,0,RG,B,paper,https://www.instagram.com/p/BtiZ0U6gNsR/
RNA,Draft,6/2/19,2,1,0,UG,,paper,https://www.instagram.com/p/BtjoM3aAo_6/
RNA,Draft,19/2/19,1,2,0,BR,,paper,https://www.instagram.com/p/BuEhQOEAuTw/
RNA,Draft,28/2/19,0,2,1,WB,,paper,https://www.instagram.com/p/BuaxsA4hsw5/
THS,Draft,12/3/19,1,1,1,WU,,paper,https://www.instagram.com/p/Bu5ghUlg4sT/
RNA,Draft,19/3/19,2,1,0,RG,,paper,https://www.instagram.com/p/BvLolCxgoNB/
RNA,Draft,26/3/19,1,2,0,WUBRG,,paper,https://www.instagram.com/p/Bvdiy1qgcux/
RNA,Draft,12/4/19,1,2,0,WUBRG,,paper,https://www.instagram.com/p/BwIwEbfA8w9/
RNA,Draft,18/4/19,2,1,0,WB,U,paper,https://www.instagram.com/p/BwZzloAgbdv/
WAR,Sealed,5/5/19,1,2,0,BR,,paper,https://www.instagram.com/p/BxGRLVJA3O6/
WAR,Sealed,6/5/19,6,0,0,WG,U,paper,https://www.instagram.com/p/BxIEQc7AbkL/
WAR,Sealed,8/5/19,2,2,0,UB,W,paper,https://www.instagram.com/p/BxNkVSaAqQ0/
WAR,Draft,12/5/19,2,1,0,UR,B,paper,https://www.instagram.com/p/BxXW7nsgz9O/
WAR,Draft,21/5/19,1,2,0,UG,,paper,https://www.instagram.com/p/BxtkwsiA2KM/
WAR,Draft,3/6/19,1,2,0,BG,UR,paper,https://www.instagram.com/p/ByQnRmlg8br/
WAR,Draft,4/6/19,1,2,0,WB,,paper,https://www.instagram.com/p/BySHjTrArMi/
WAR,Draft,4/7/19,2,1,0,UR,UB,paper,https://www.instagram.com/p/BzfxoCkgS3P/
M20,Sealed,21/7/19,1,2,0,WU,,paper,https://www.instagram.com/p/B0LAua4A8_q/
M20,Sealed,22/7/19,3,3,0,UB,,paper,https://www.instagram.com/p/B0LA57Lgptx/
M20,Sealed,23/7/19,3,1,0,WU,,paper,https://www.instagram.com/p/B0LBEj_gDSP/
M20,Draft,5/8/19,1,2,0,UG,,paper,https://www.instagram.com/p/B0zQrYDgVOq/
M20,Draft,19/8/19,1,2,0,RG,,paper,https://www.instagram.com/p/B1W85ntAxMy/
M20,Draft,24/8/19,1,2,0,BG,,paper,https://www.instagram.com/p/B1i0DuwAoWA/
M20,Draft,27/8/19,2,1,0,RG,,paper,https://www.instagram.com/p/B1qleClA3La/
M20,Draft,23/9/19,2,1,0,UB,,paper,https://www.instagram.com/p/B2wgNTkgubL/
ELD,Sealed,13/10/19,2,0,1,UB,R,paper,https://www.instagram.com/p/B3kRfSAg78F/
ELD,Sealed,14/10/19,5,1,0,BG,R,paper,https://www.instagram.com/p/B3kR12gg4z0/
ELD,Draft,31/10/19,1,1,1,WB,,paper,https://www.instagram.com/p/B4RxVJfgkJK/
ELD,Draft,27/11/19,1,2,0,UG,,paper,https://www.instagram.com/p/B5YBihtgxKE/
ELD,Draft,17/12/19,3,0,0,UG,,paper,https://www.instagram.com/p/B6Lc3SFgsU8/
ELD,Draft,25/12/19,2,0,1,UR,,paper,https://www.instagram.com/p/B6eaBzEgpbt/
THB,Sealed,23/1/20,4,1,0,BG,UR,paper,https://www.instagram.com/p/B7s5laMAMU7/
THB,Sealed,24/1/20,2,1,1,UG,,paper,https://www.instagram.com/p/B7s56BSg6Mi/
THB,Draft,14/2/20,3,0,0,WU,,paper,https://www.instagram.com/p/B8j1RexAQTB/
THB,Draft,26/2/20,0,3,0,WB,,paper,https://www.instagram.com/p/B9BZpa5A-bs/
THB,Draft,5/3/20,3,0,0,UB,,paper,https://www.instagram.com/p/B9Vuo3cAdHU/
IKO,Sealed,31/5/20,1,2,0,BG,U,paper,https://www.instagram.com/p/CA2r7wxANCB/
IKO,Draft,27/6/20,1,2,0,BG,R,paper,https://www.instagram.com/p/CB8kwgYg_H2/
M21,Sealed,13/7/20,3,1,0,RG,B,paper,https://www.instagram.com/p/CCkrGDdg4hw/
ZNR,Draft,11/10/20,3,0,0,WR,,paper,https://photos.google.com/photo/AF1QipN8_HrrNuCIuykiyd_tA38GNcenvKs1mREXiMqS
ZNR,Draft,29/11/20,3,0,0,WU,,paper,https://photos.google.com/photo/AF1QipOm4KHPA1U1ZGJByjMO79UXuAhOGkuq8FreB7nQ
ZNR,Draft,20/12/20,3,0,0,UR,,paper,https://photos.google.com/photo/AF1QipMSvegaB_Vg2CW19JvAuDwnWVnYJavUMgLqNUhx
ZNR,Draft,8/2/21,3,0,0,WU,,paper,https://www.instagram.com/p/CLB68fvg2vw/
KHM,Draft,15/2/21,3,0,0,BG,,paper,https://photos.google.com/photo/AF1QipO3c88TKpvAljg_QO-Rh1soboZHBeNbMMq__qby
KHM,Draft,18/2/21,7,1,0,WG,,arena,https://www.17lands.com/deck/58addac52c4c489181a91295b52cb136/0
KHM,Draft,19/2/21,1,3,0,UBR,,arena,https://www.17lands.com/deck/9f14fce2e5f8429892e50e17e8e865d4/0
KHM,Draft,19/2/21,5,3,0,WG,R,arena,https://www.17lands.com/deck/846c6462ec1d4a3eabf1144dbf017306/0
KHM,Draft,24/2/21,3,3,0,UG,W,arena,https://www.17lands.com/deck/52b0657bd9274918b9044454c98f4ef8/0
KHM,Draft,24/2/21,5,3,0,RG,,arena,https://www.17lands.com/deck/d2657647ca074341893911e3bee00723/0
KHM,Draft,25/2/21,1,3,0,WG,,arena,https://www.17lands.com/deck/9344bf5c7df84b5c890679c1e9d6301e/1
KHM,Draft,26/2/21,7,1,0,RG,B,arena,https://www.17lands.com/deck/9354495bb2254b0e878fb23e7739453e/0
KHM,Draft,27/2/21,7,2,0,BG,R,arena,https://www.17lands.com/deck/cc4c14b880ba4a1b9da34646c968a04e/0
KHM,Draft,2/3/21,7,2,0,RG,,arena,https://www.17lands.com/deck/4063235d6312429b989c1c27bd33229b/1
KHM,Draft,4/3/21,4,3,0,BG,W,arena,https://www.17lands.com/deck/71783299cc594aa8ac2ac614ca3c2ef6/0
KHM,Draft,9/3/21,0,3,0,BG,R,arena,https://www.17lands.com/deck/e9e1ae484ac141aebca57f5e65e220b9/0
KHM,Draft,13/3/21,6,3,0,UR,,arena,https://www.17lands.com/deck/8d0bd7be7bfd4432ae634f7be75a1553/0
KHM,Draft,14/3/21,3,3,0,WR,G,arena,https://www.17lands.com/deck/66e5fb7547fe49f6b40c44c879bc3f60/0
KHM,Draft,15/3/21,6,3,0,WG,,arena,https://www.17lands.com/deck/6abc94b997a14a1cb4953c4d650166a3/0
KHM,Draft,16/3/21,1,3,0,UR,,arena,https://www.17lands.com/deck/8dd070538c6d4db38cd0c294e59a2c71/0
KHM,Draft,17/3/21,1,3,0,BG,,arena,https://www.17lands.com/deck/09ecc7628f8e49f2a7a6cd6ac966caed/0
KHM,Draft,19/3/21,7,1,0,UG,B,arena,https://www.17lands.com/deck/46e950e8487a45b58480498a33f7fbdf/0
KHM,Draft,11/4/21,1,1,1,UB,,paper,https://photos.google.com/photo/AF1QipOTpeYwLZxuPloM568QplaUAek9D4rpvR86aQkC
STX,Sealed,15/4/21,0,3,0,WR,,arena,https://www.17lands.com/deck/a703c8c06e634ddbb9272237f1b086ad/0
STX,Sealed,15/4/21,1,3,0,URG,W,arena,https://www.17lands.com/deck/bccb579041504b2aa8027a00f16b75e3/0
STX,Draft,17/4/21,4,3,0,UR,,arena,https://www.17lands.com/deck/7db928b45a654abc8e7eb8cb335d8226/0
STX,Draft,20/4/21,2,3,0,WB,,arena,https://www.17lands.com/deck/9a7fa2b9f4b948699bbc52170f0e4325/0
STX,Draft,20/4/21,7,0,0,WB,,arena,https://www.17lands.com/deck/d1499a6c8b0d464ca7f839921a8b4d4e/0
KHM,Draft,25/4/21,3,0,0,BG,,paper,https://www.instagram.com/p/COF5c0aAIjz/
STX,Sealed,1/5/21,1,2,0,UG,B,paper,https://www.instagram.com/p/COVdPzELmOl/
STX,Draft,1/5/21,3,3,0,UG,,arena,https://www.17lands.com/deck/da63e11aa2c246bc9bfb38c1746bc93a/0
STX,Sealed,2/5/21,3,1,0,WB,,paper,https://www.instagram.com/p/COVdvY4LypG/
STX,Draft,5/5/21,1,3,0,UG,R,arena,https://www.17lands.com/deck/6298c28cd45f49a39c492010317551e3/0
STX,Draft,5/5/21,5,3,0,UR,W,arena,https://www.17lands.com/deck/58637c3fff134ae6bbd06075a9d9b09d/1
STX,Draft,9/5/21,3,0,0,WR,,paper,https://photos.google.com/photo/AF1QipOn4pAQSWeGoQ2LpPMp1GeMLna7EdJaT3wwYeCC
STX,Draft,16/5/21,4,3,0,WB,R,arena,https://www.17lands.com/deck/dc097dd68bca4c1883340fb5d5467da0/0
AFR,Sealed,8/7/21,4,3,0,BG,U,arena,https://www.17lands.com/deck/c392d7d8c0914e5daea1b3538da4a3c2/0
AFR,Sealed,9/7/21,4,3,0,WG,,arena,https://www.17lands.com/deck/d8fcbfb91e7244ecbe7d8dcd6bd56ab6/0
AFR,Draft,10/7/21,7,2,0,WG,,arena,https://www.17lands.com/deck/222024d6c0a94b58b8848233fbd8e9be/0
AFR,Draft,11/7/21,3,3,0,RG,,arena,https://www.17lands.com/deck/ff7c627657424d3ca6e4e684fc9b9d0c/1
AFR,Draft,13/7/21,0,0,0,UB,R,arena,https://www.17lands.com/deck/dd26b21cc4fe4d6d9e4dcf4135845130/1
AFR,Draft,15/7/21,3,3,0,WB,,arena,https://www.17lands.com/deck/18e11896fdc44ca0b62a04950ff75535/0
AFR,Draft,18/7/21,2,3,0,UR,,arena,https://www.17lands.com/deck/d33e78317c4a468bb9bfe469480d32fe/1
AFR,Draft,20/7/21,3,3,0,BR,,arena,https://www.17lands.com/deck/f5bf4a2c43f7434bad4bfa8dec6e5e27/0
AFR,Draft,23/7/21,3,3,0,RG,,arena,https://www.17lands.com/deck/4dc38a705be44470a96f51edb9f4ccc3/0
AFR,Draft,23/7/21,4,3,0,RG,B,arena,https://www.17lands.com/deck/730b5158aaac427b9a5b02374e89c4f1/1
AFR,Draft,25/7/21,2,3,0,BG,,arena,https://www.17lands.com/deck/abbd4f7bf5bb438fb3cad51856044629/1
AFR,Draft,25/7/21,2,3,0,UB,,arena,https://www.17lands.com/deck/7d048dcf5b1044419f66a97fa674ded7/0
AFR,Draft,28/7/21,1,3,0,WR,,arena,https://www.17lands.com/deck/b52ddbddda7e4dec9ef8697aad32aebd/1
AFR,Draft,30/7/21,7,2,0,UB,,arena,https://www.17lands.com/deck/0d380243aa264f5cb804f142a850bd11/0
AFR,Sealed,4/8/21,2,2,0,BR,,paper,https://www.instagram.com/p/CSMnWSRNw30/
AFR,Sealed,5/8/21,3,1,0,RG,B,paper,https://www.instagram.com/p/CSMnsu9tF0N/
AFR,Draft,6/8/21,3,3,0,BG,,arena,https://www.17lands.com/deck/b784ff2aa8a24f899f2372ece8f3abc1/0
AKR,Draft,11/8/21,2,3,0,UB,,arena,https://www.17lands.com/deck/1807d08282004b59968cbc4b10675cb9/0
AFR,Draft,15/8/21,5,3,0,WB,,arena,https://www.17lands.com/deck/b5a4fdf3d590483dba9190962bcd3595/0
KLR,Draft,17/8/21,7,2,0,UG,W,arena,https://www.17lands.com/deck/3578d834f5c748ff9813826b0cb56b48/0
AFR,Draft,18/8/21,5,3,0,RG,,arena,https://www.17lands.com/deck/0f3e08f9731f49fc8e1b4111c568c156/1
IKO,Draft,22/8/21,7,0,0,WR,,arena,https://www.17lands.com/deck/e0135bc9d24142c88dff04a218096493/2
AFR,Draft,24/8/21,2,1,0,RG,B,paper,https://www.instagram.com/p/CS8CkS4Iesf/
AFR,Draft,5/9/21,5,3,0,BR,,arena,https://www.17lands.com/deck/2c6e2398bb444c2483fefa6a79befdea/0
MID,Sealed,16/9/21,7,2,0,BR,,arena,https://www.17lands.com/deck/34fe49ee14a14c69b9cb8bab2ab708db/2
MID,Draft,24/9/21,1,3,0,BR,,arena,https://www.17lands.com/deck/2a22c74aa8f94bc8b7197806835af103/0
MID,Draft,24/9/21,3,3,0,WG,,arena,https://www.17lands.com/deck/399091db6b5d42479c883d83460b6b09/0
MID,Draft,24/9/21,7,1,0,WB,,arena,https://www.17lands.com/deck/3a953bff597947d3a328ba4c4df0ffea/1
MID,Draft,29/9/21,1,2,0,UB,,paper,https://www.instagram.com/p/CUcnv8UN_Jw/
MID,Sealed,30/9/21,3,0,0,UB,,paper,https://www.instagram.com/p/CUcn7lZNp2L/
MID,Draft,18/10/21,2,1,0,WG,,paper,https://www.instagram.com/p/CVKb4zPgznI/
VOW,Sealed,12/11/21,5,3,0,WB,R,arena,https://www.17lands.com/deck/a1b02b33545d4b13b4573b5bd3e824f0/0
VOW,Draft,14/11/21,7,2,0,WU,,arena,https://www.17lands.com/deck/c60eba35b96f483c9625a9197f51099d/2
VOW,Draft,17/11/21,5,3,0,UG,R,arena,https://www.17lands.com/deck/9ce6b0dee60548f1b7b0c9970b1b3590/0
VOW,Draft,21/11/21,4,3,0,WB,,arena,https://www.17lands.com/deck/0fa3803e893c463aaba88d9ed5f6030f/0
VOW,Draft,23/11/21,1,3,0,WG,,arena,https://www.17lands.com/deck/208b3f6b3347402fb8ccbf1ed9ee7731/0
VOW,Draft,24/11/21,2,3,0,UR,,arena,https://www.17lands.com/deck/309ba26eac48454197645272c6eb61ef/1
VOW,Draft,24/11/21,3,3,0,UB,,arena,https://www.17lands.com/deck/eba01d438f2b42caa83815ada1c158f9/0
VOW,Sealed,25/11/21,3,1,0,BG,,paper,https://www.instagram.com/p/CWs-Lv5NeM2/
VOW,Draft,29/11/21,1,3,0,RG,,arena,https://www.17lands.com/deck/52deb1a1ef8344dc9454810aee5c93f2/0
VOW,Draft,1/12/21,5,3,0,BR,,arena,https://www.17lands.com/deck/5550f8ea9b2d434e86ceb3892e1b9df3/0
VOW,Draft,20/12/21,7,2,0,WB,,arena,https://www.17lands.com/deck/703980e4f3ef403fa32f0ee9b9273219/0
VOW,Draft,26/12/21,1,2,0,BG,W,paper,https://www.instagram.com/p/CX_P9ddNK8g/
VOW,Draft,27/12/21,2,1,0,BR,,paper,https://www.instagram.com/p/CX_QUaCtDP_/
VOW,Sealed,12/1/22,3,0,0,BR,G,paper,https://www.instagram.com/p/CYpb-yBtX8Y/
VOW,Draft,20/1/22,2,1,0,BR,,paper,https://www.instagram.com/p/CY9VYs3tFJu/
VOW,Draft,25/1/22,2,1,0,WB,,paper,https://www.instagram.com/p/CZKQDUGtqOm/
NEO,Sealed,11/2/22,1,3,0,BG,,arena,https://www.17lands.com/deck/18756b33635d45758b479337049ea099/0
NEO,Sealed,12/2/22,0,3,0,UG,,arena,https://www.17lands.com/deck/4587863840bb4e73ba76908f11259ee3/3
VOW,Draft,12/2/22,2,1,0,UR,,paper,https://www.instagram.com/p/CZ23hc8NquP/
NEO,Draft,14/2/22,7,2,0,WU,B,arena,https://www.17lands.com/deck/ef75ea73834d46af8ac0995bc033d0fc/0
NEO,Draft,18/2/22,6,3,0,BR,,arena,https://www.17lands.com/deck/0bd09482aebe4a47b726901a8ea7ba68/0
NEO,Sealed,19/2/22,2,1,0,UG,R,paper,https://www.instagram.com/p/CaMUyEKN8d3/
NEO,Draft,20/2/22,0,3,0,BG,,arena,https://www.17lands.com/deck/4823434fdb6d44a6a039d55539df7180/0
NEO,Draft,20/2/22,1,2,0,WB,,paper,https://www.instagram.com/p/CaN5gGht8EH/
NEO,Draft,28/2/22,4,3,0,WR,,arena,https://www.17lands.com/deck/168920ff418c4ef2b73a6e75bd60749b/1
NEO,Draft,2/3/22,2,1,0,BR,,paper,https://www.instagram.com/p/Canm4rmtfXy/
NEO,Draft,2/3/22,7,1,0,BR,,arena,https://www.17lands.com/deck/7289ee63bf494e5f99a75ed7cb2cbd62/2
NEO,Draft,3/3/22,5,3,0,WB,U,arena,https://www.17lands.com/deck/c33ab6206e8b44b7a1bf648cc4c74dc6/0
NEO,Draft,4/3/22,6,3,0,WR,,arena,https://www.17lands.com/deck/2744672dde3f44679c20440f7816267e/0
NEO,Draft,7/3/22,5,3,0,RG,,arena,https://www.17lands.com/deck/77754de55c94495aaa084a8e6a96906a/0
NEO,Draft,8/3/22,1,3,0,UG,R,arena,https://www.17lands.com/deck/7c2ba24204d2470d808a0c9b20aa79e8/0
NEO,Draft,9/3/22,7,2,0,R,UG,arena,https://www.17lands.com/deck/bbbbd90da4b64a9d94fd3a81bf4d0068/1
NEO,Draft,11/3/22,1,3,0,WG,,arena,https://www.17lands.com/deck/47e85d75568447cabcbfc186497dca66/0
NEO,Draft,11/3/22,5,3,0,UG,,arena,https://www.17lands.com/deck/8a6270ec59f6446983ce0ac10b0a61e6/0
NEO,Draft,12/3/22,4,2,0,UB,R,arena,https://www.17lands.com/deck/5af98093d35649bba8b66b029c819637/0
NEO,Draft,18/3/22,2,1,0,G,BR,arena,https://www.17lands.com/deck/f4d23070a0264be0b658b06d66a1ad42/0
NEO,Draft,20/3/22,1,2,0,WB,,paper,https://www.instagram.com/p/CbUq_FDtaHA/
NEO,Draft,23/3/22,2,1,0,WG,,paper,https://www.instagram.com/p/CbdnJn9tpeJ/
NEO,Draft,24/3/22,7,1,0,UB,,arena,https://www.17lands.com/deck/b9e85c902cb04dbf91bed723b5d0a296/0
NEO,Draft,25/3/22,7,2,0,WR,,arena,https://www.17lands.com/deck/dc9b908db99740c791e911179242ecc7/1
NEO,Draft,26/3/22,2,3,0,UB,W,arena,https://www.17lands.com/deck/f1b4706db67441eeb09d88ced620fc8d/0
NEO,Draft,26/3/22,6,3,0,WB,,arena,https://www.17lands.com/deck/5324c7d0735a4dd1bf10ee0cb76ecb58/0
NEO,Draft,28/3/22,5,3,0,WB,,arena,https://www.17lands.com/deck/b7ed129826494f528421a1465fdc6f75/0
NEO,Draft,29/3/22,0,3,0,BG,,arena,https://www.17lands.com/deck/42a624132ff741f4a8e83e4c30473f2b/0
NEO,Draft,29/3/22,0,3,0,WG,R,arena,https://www.17lands.com/deck/b6846266f4764fc1b2fdafca2145b537/0
NEO,Draft,29/3/22,2,3,0,BG,,arena,https://www.17lands.com/deck/b7268ff434a34a28949ae7ab8cafb6f4/0
NEO,Draft,29/3/22,3,3,0,WG,,arena,https://www.17lands.com/deck/572aa80c4dde4e4794679ef655bf8ce2/0
NEO,Draft,29/3/22,5,3,0,UR,B,arena,https://www.17lands.com/deck/f7ea0c39e0b44a2aa2f699d3341fe230/0
NEO,Draft,30/3/22,0,3,0,WBG,,arena,https://www.17lands.com/deck/b3c7992c06b04cccbaf536a9ef6d1029/1
NEO,Draft,5/4/22,0,3,0,UG,WG,paper,https://www.instagram.com/p/Cb9xyNitBTo/
DOM,Draft,7/4/22,3,3,0,WR,,arena,https://www.17lands.com/deck/18e9e80e83f5457f8f9f78077cb6178b/0
DOM,Draft,8/4/22,3,3,0,G,UR,arena,https://www.17lands.com/deck/1f7fabd6d2d74ac29af731ddd1556814/0
NEO,Draft,8/4/22,7,1,0,BR,U,arena,https://www.17lands.com/deck/2c2c129eaf424987a5a598cca4d6253b/0
NEO,Draft,13/4/22,4,3,0,UR,B,arena,https://www.17lands.com/deck/1d7f4d2bf4264f8fa49156cbdbb64241/0
SNC,Sealed,26/4/22,2,1,0,UBR,,paper,https://www.instagram.com/p/Cczu6e2NX01/
SNC,Sealed,27/4/22,2,1,0,WUB,R,paper,https://www.instagram.com/p/CczvoeftkJQ/
SNC,Sealed,28/4/22,2,2,0,WUG,,paper,https://www.instagram.com/p/CczwDQ1tpia/
SNC,Draft,4/5/22,2,3,0,WUG,,arena,https://www.17lands.com/deck/e873eb5aa278409b8a7f0f554bb35ae0/0
SNC,Draft,4/5/22,7,2,0,BRG,,arena,https://www.17lands.com/deck/b6d956607ef14b9da18c912fdd5b85a6/0
SNC,Draft,5/5/22,5,3,0,WUB,,arena,https://www.17lands.com/deck/40ccc0ecc77c466c9b94457efdb6a0fa/0
SNC,Draft,6/5/22,2,3,0,UBR,,arena,https://www.17lands.com/deck/15371aa009e9497eb8a31a0ab3bcacf5/1
SNC,Draft,7/5/22,7,2,0,BRG,W,arena,https://www.17lands.com/deck/d0ad4330d49e47758c2784cbe6271db2/0
SNC,Draft,12/5/22,1,1,1,WUG,,paper,https://www.instagram.com/p/Cddk_HVtGc9/
SNC,Draft,12/5/22,7,0,0,WUBRG,,arena,https://www.17lands.com/deck/d455f01b143c47eba831c360cc1447a1/0
SNC,Draft,15/5/22,6,3,0,WUG,B,arena,https://www.17lands.com/deck/0638c1905fef47da9ddeec676a0ec730/0
SNC,Draft,17/5/22,2,1,0,UBR,,paper,https://www.instagram.com/p/Cdp8UzytFd_/
SNC,Draft,18/5/22,0,0,0,UBR,,arena,https://www.17lands.com/deck/b16306a65c5b4194b3d7cdbbadd3bbab/0
SNC,Draft,18/5/22,2,3,0,UBR,,arena,https://www.17lands.com/deck/b54256b541ac4cb7849137326027e4bb/0
SNC,Draft,20/5/22,0,0,0,WUB,G,arena,https://www.17lands.com/deck/11c9628fed5f4bce818b1108cecf436a/0
SNC,Draft,20/5/22,1,1,0,WUB,G,arena,https://www.17lands.com/deck/a8c1188de3984a45a516d726a4686085/0
SNC,Draft,28/5/22,2,3,0,RG,WB,arena,https://www.17lands.com/deck/ccd1874ed03040cd8597c380d1a327a8/0
SNC,Draft,16/6/22,2,1,0,BR,,paper,https://www.instagram.com/p/Ce3kV4wtCnq/
THB,Draft,19/6/22,4,3,0,RG,,arena,https://www.17lands.com/deck/4d0a0aab5de84d2b9dc4b04a278daa87/0
THB,Draft,23/6/22,6,3,0,BG,,arena,https://www.17lands.com/deck/80334aa90ae842e1b1f7516d64914643/0
SNC,Draft,6/7/22,2,1,0,BR,U,paper,https://www.instagram.com/p/CfrWXxmtoqz/
CHS,Draft,14/8/22,2,0,1,UB,W,paper,https://www.instagram.com/p/ChQSg5yLz0s/
AKR,Draft,31/8/22,7,0,0,UR,,arena,https://www.17lands.com/deck/4fe3a8fdf5804534a30b2e2b7b7fc42e/0
DMU,Sealed,1/9/22,2,3,0,WG,UB,arena,https://www.17lands.com/deck/554c328ed2284c6699cf68177680458f/0
DMU,Sealed,1/9/22,2,3,0,UG,WBR,arena,https://www.17lands.com/deck/2cc75d10df664f0e9ad0a3969ff1d266/0
DMU,Draft,5/9/22,3,3,0,BG,WU,arena,https://www.17lands.com/deck/b74b5e8fb7034e92b988c5030e5b378c/0
DMU,Draft,5/9/22,6,3,0,WUBG,R,arena,https://www.17lands.com/deck/555a104e9e994c3185a872841ede7cd9/0
DMU,Draft,8/9/22,3,3,0,UB,W,arena,https://www.17lands.com/deck/b939e0cd1c054d34b866503489803afa/1
DMU,Draft,8/9/22,5,3,0,UB,G,arena,https://www.17lands.com/deck/ed1b907f729c4f4398b682a3148d68b5/0
DMU,Draft,9/9/22,2,3,0,WR,G,arena,https://www.17lands.com/deck/643ba31fd520466dac78885b4987171e/0
DMU,Draft,11/9/22,7,2,0,BRG,U,arena,https://www.17lands.com/deck/5f5b8c1b221e48b5830ebcde9aeddf69/0
DMU,Draft,13/9/22,1,0,0,UR,B,arena,https://www.17lands.com/deck/43eb8e1068274f328d4f55fac78f0d94/0
DMU,Sealed,14/9/22,2,1,0,WUG,BR,paper,https://www.instagram.com/p/CiftAe1L0IO/
DMU,Draft,15/9/22,1,3,0,WBG,U,arena,https://www.17lands.com/deck/c786ba7679854ccfac7f8c7c2bba346e/0
DMU,Draft,16/9/22,7,2,0,UBG,,arena,https://www.17lands.com/deck/5265bb5ab05b499ab81826ed6c35a1f9/0
DMU,Draft,19/9/22,1,3,0,WU,BG,arena,https://www.17lands.com/deck/3b76e4d9d61d4c758b055d00a37ec7cc/1
DMU,Draft,19/9/22,2,1,0,UB,,paper,https://www.instagram.com/p/Cir0B_Dt0T9/
DMU,Draft,19/9/22,7,2,0,WUG,R,arena,https://www.17lands.com/deck/a6ebcdf182784be1b108bb2ae6ac1d8e/0
DMU,Draft,21/9/22,0,3,0,WBG,R,arena,https://www.17lands.com/deck/ee8fa43026504c06be22d7f3964a0eaf/0
DMU,Draft,21/9/22,2,3,0,UR,WB,arena,https://www.17lands.com/deck/2de39c5aa2704ff7b678bfcf6d4e84cb/0
DMU,Draft,23/9/22,3,3,0,WR,,arena,https://www.17lands.com/deck/10d8f24e92dc45c2aed0c39588d90593/0
DMU,Draft,24/9/22,4,3,0,UG,BR,arena,https://www.17lands.com/deck/8c0bc6efa0f148dc9f945e0ddad2c938/0
DMU,Draft,24/9/22,5,3,0,WR,G,arena,https://www.17lands.com/deck/6e8bac1cc8f34b7ebd91e1d3abc37cd5/0
DMU,Draft,26/9/22,5,3,0,WB,,arena,https://www.17lands.com/deck/a5d7626c5d5a4f28862c0be71691a7aa/0
DMU,Draft,27/9/22,2,3,0,RG,WUB,arena,https://www.17lands.com/deck/8e23c70343f24efd81c6a202d4f3d26f/0
DMU,Draft,28/9/22,0,3,0,WBG,UR,arena,https://www.17lands.com/deck/678a8702f57b4c0db5fd6e91a03e1b04/0
DMU,Draft,2/10/22,1,2,0,BG,W,paper,https://www.instagram.com/p/CjN0l2QNJEA/
DMU,Draft,2/10/22,4,3,0,UR,,arena,https://www.17lands.com/deck/e2972e4d85854ec486b767611d141c1b/0
DMU,Draft,4/10/22,1,3,0,WRG,UB,arena,https://www.17lands.com/deck/b848f1a683134ddab3e0d03e19c91a46/0
DMU,Draft,4/10/22,2,3,0,UR,,arena,https://www.17lands.com/deck/387540ffe94c44b780e065aae2b861e2/0
DMU,Draft,7/10/22,7,1,0,WU,RG,arena,https://www.17lands.com/deck/c69ceb53c38c4c0e881e44000f0eb7cf/0
DMU,Draft,10/10/22,4,3,0,WB,,arena,https://www.17lands.com/deck/ec328e9587ee40dd95b530ee19f442c5/0
DMU,Draft,14/10/22,1,3,0,UBG,W,arena,https://www.17lands.com/deck/967d15c28d8e446d8482a146c5e43066/0
DMU,Draft,14/10/22,1,3,0,WRG,,arena,https://www.17lands.com/deck/21468ab87abd4fbeaf99867e612ad04f/0
DMU,Draft,18/10/22,2,3,0,WUBG,,arena,https://www.17lands.com/deck/56c8fe95f0684fcaa554462a718418a2/1
DMU,Draft,23/10/22,2,2,0,RG,WB,arena,https://www.17lands.com/deck/5bcb82989f6a47608316f58bda8253e4/0
ELD,Draft,27/10/22,4,3,0,UR,,arena,https://www.17lands.com/deck/5908223cc1b64b4fa4c7f4435a0ab1c9/1
DMU,Draft,31/10/22,3,0,0,WUBRG,,paper,https://www.instagram.com/p/CkYRBOZNB10/
DMU,Draft,1/11/22,2,0,1,UR,,paper,https://www.instagram.com/p/Ckafy8XtSiJ/
DMU,Draft,3/11/22,2,3,0,WUG,,arena,https://www.17lands.com/deck/14ea341190de4acb9a16f222fb2c1ad9/0
BRO,Sealed,14/11/22,3,0,0,UG,B,paper,https://www.instagram.com/p/Ck9eX-koiP4/
BRO,Sealed,16/11/22,2,2,0,UG,,paper,https://www.instagram.com/p/ClCaZEiNaYg/
BRO,Draft,27/11/22,2,1,0,UR,,paper,https://www.instagram.com/p/CleLipqt_Ce/
BRO,Draft,3/12/22,2,1,0,WR,,paper,https://www.instagram.com/p/CluMpkvNPQS/
BRO,Draft,5/12/22,1,3,0,UB,,arena,https://www.17lands.com/deck/aa13532508ec493d9995f3285692702a/0
BRO,Draft,6/12/22,7,2,0,UR,,arena,https://www.17lands.com/deck/d9314e5afaae4ca6897be669faabb2a5/0
BRO,Draft,8/12/22,4,3,0,WR,,arena,https://www.17lands.com/deck/3d767b235b1446fd84052a1e2e2749f4/0
BRO,Draft,9/12/22,2,3,0,UR,,arena,https://www.17lands.com/deck/83b7419045994fd6b304905de3599085/0
BRO,Draft,9/12/22,4,3,0,WB,,arena,https://www.17lands.com/deck/ff1e1c9890be4f3c9e563d3daae7383d/0
BRO,Draft,10/12/22,2,3,0,UB,,arena,https://www.17lands.com/deck/99f4520d28294e40bbd9efd7e4ad885a/1
BRO,Draft,15/12/22,5,3,0,BG,,arena,https://www.17lands.com/deck/28162473303b4324b36ec65f0b089ebb/0
BRO,Draft,17/12/22,3,3,0,RG,,arena,https://www.17lands.com/deck/2251e104ac2647d1a219da09073e242b/0
BRO,Draft,18/12/22,3,3,0,WB,,arena,https://www.17lands.com/deck/df0321c170b34ef596c02fb0c2dc23b2/0
BRO,Draft,18/12/22,2,1,0,BR,,paper,https://www.instagram.com/p/CmTvUdVNOhX/
BRO,Draft,19/12/22,3,3,0,UR,,arena,https://www.17lands.com/deck/6c69aea7e97840dcb03128e5b0c82ce3/0
BRO,Draft,22/12/22,5,3,0,WR,,arena,https://www.17lands.com/deck/faf5a7016e9646429db0e1e5a0110ed3/0
BRO,Draft,23/12/22,1,3,0,WR,,arena,https://www.17lands.com/deck/f6e04e769604448cae9909dd1d867aad/0
BRO,Draft,23/12/22,3,3,0,WU,,arena,https://www.17lands.com/deck/977ed861042844aab36c95ed7dcfa8dd/0
BRO,Draft,24/12/22,2,1,0,WG,,paper,https://www.instagram.com/p/CmkdNGzNTnN/
BRO,Draft,25/12/22,4,3,0,BG,,arena,https://www.17lands.com/deck/b4a58ed66d074bc6b86543db5baa3ecd/0
BRO,Draft,27/12/22,7,1,0,WU,,arena,https://www.17lands.com/deck/1d2039f9617b42a1abeef51370f6c959/0
BRO,Draft,29/12/22,7,1,0,UR,,arena,https://www.17lands.com/deck/dcefdc238e344258b20d1b1d6afb3032/0
BRO,Draft,4/1/23,7,0,0,WB,,arena,https://www.17lands.com/deck/3f658ed24a0d4f1bab28f6cbb543c567/0
BRO,Draft,6/1/23,2,1,0,BR,,paper,https://www.instagram.com/p/CnDYZhftqEE/
BRO,Draft,23/1/23,2,1,0,WG,,paper,https://www.instagram.com/p/Cnwzs3DNSe1/
KHM,Draft,27/1/23,3,3,0,BG,U,arena,https://www.17lands.com/deck/52d8c8e759784aad9fd04ea79ee3310d/0
NEO,Draft,3/2/23,4,3,0,BR,,arena,https://www.17lands.com/deck/8ac4027a71124a7ca3db949152a4eb52/0
NEO,Draft,3/2/23,6,3,0,WG,,arena,https://www.17lands.com/deck/594f3045140c4711a10275acfbdca4c9/0
NEO,Draft,4/2/23,2,3,0,WG,,arena,https://www.17lands.com/deck/7e3e473b42b94293a3ba806ef5fcc85d/0
NEO,Draft,4/2/23,6,3,0,WG,R,arena,https://www.17lands.com/deck/61929488a3ce418fadd4b3abfdc621f1/0
NEO,Draft,5/2/23,1,3,0,BR,,arena,https://www.17lands.com/deck/565ded326e0240338f629a27288dce28/0
NEO,Draft,6/2/23,5,3,0,UR,B,arena,https://www.17lands.com/deck/5cfc42d3d0354309b292b4cdedad14c7/0
ONE,Draft,8/2/23,4,3,0,BG,,arena,https://www.17lands.com/deck/fa5ae89db8e14be583be5eb5bc4b51af/0
ONE,Draft,9/2/23,5,3,0,WR,,arena,https://www.17lands.com/deck/d71adc5db8744752b63af6c029077901/0
ONE,Sealed,13/2/23,2,1,0,BG,W,paper,https://www.instagram.com/p/ComeMEgteaF/
ONE,Draft,16/2/23,2,3,0,WG,,arena,https://www.17lands.com/deck/343175f6188f48598b4e4f70fb2b58c4/1
ONE,Draft,22/2/23,2,1,0,BG,,paper,https://www.instagram.com/p/Co-JrmZNAwb/
ONE,Draft,1/3/23,2,1,0,RG,,paper,https://www.instagram.com/p/CpPct1wNMb_/
ONE,Draft,3/3/23,3,3,0,WR,,arena,https://www.17lands.com/deck/1c4790b36f064c468f18b59c064665ae/0
STX,Draft,13/3/23,3,3,0,BG,,arena,https://www.17lands.com/deck/9fbc05eff18e4abdb8b2f0f8c7750e49/0
ONE,Draft,20/3/23,1,2,0,WG,,paper,https://www.instagram.com/p/CqA5m1bNTBF/
SIR,Sealed,22/3/23,3,3,0,WR,U,arena,https://www.17lands.com/deck/d34022921d5b4c909370619180fa94e8/1
NEO,Draft,22/3/23,2,1,0,UR,W,paper,https://www.instagram.com/p/CqHAPemN-oA/
SIR,Draft,23/3/23,7,2,0,RG,,arena,https://www.17lands.com/deck/cf0069ae36e447a99b7a2c7698ab84a5/0
KTK,Draft,28/3/23,3,0,0,UR,G,paper,https://www.instagram.com/p/CqUxlQDtFxd/
SIR,Draft,1/4/23,3,3,0,WG,,arena,https://www.17lands.com/deck/7da8f27e619c4816aa73ae717ce9478e/1
SIR,Draft,3/4/23,3,3,0,UR,,arena,https://www.17lands.com/deck/7fb3f1badfd1498c9114c1d300bbfb0d/1
MOM,Sealed,17/4/23,4,1,0,RG,,paper,https://www.instagram.com/p/CrI55XVNvTm/
MOM,Sealed,20/4/23,2,2,0,WG,,paper,https://www.instagram.com/p/CrRfQvRt2CP/
MOM,Draft,20/4/23,7,2,0,UB,,arena,https://www.17lands.com/deck/74c33b6e9e5a468ab85812e1b6e9b09e/1
MOM,Draft,21/4/23,3,3,0,BG,,arena,https://www.17lands.com/deck/3b85769cb7d446c5a8bb08481b3a0049/0
MOM,Draft,21/4/23,4,3,0,WB,U,arena,https://www.17lands.com/deck/0a9da385ed1d431f962c85acc5c27b7a/0
MOM,Draft,22/4/23,1,3,0,UBR,,arena,https://www.17lands.com/deck/c0fbd94493964cb4b1faa73a8565dc93/0
MOM,Draft,22/4/23,3,3,0,UB,,arena,https://www.17lands.com/deck/d2693bb2af9d426eb5ff3fce7b24a62e/1
MOM,Draft,22/4/23,7,1,0,URG,,arena,https://www.17lands.com/deck/fec89297119643889b2d757ce9038f3d/1
MOM,Draft,23/4/23,4,3,0,WU,,arena,https://www.17lands.com/deck/086cb1c04e3a46d5afd4e54d9541d7b2/1
MOM,Draft,24/4/23,1,3,0,UB,,arena,https://www.17lands.com/deck/8edfbf01aa2f4329827e1a27c7acd83d/0
MOM,Draft,24/4/23,2,3,0,BG,,arena,https://www.17lands.com/deck/5c0602f775034fe4b158798a0ad8cd1f/0
MOM,Draft,24/4/23,7,1,0,BG,,arena,https://www.17lands.com/deck/0972f3070b2e42c2898e1ab624b00e0f/0
MOM,Draft,25/4/23,2,3,0,UG,B,arena,https://www.17lands.com/deck/5ffe19f3f1624879b32b7b5d0bec3a22/0
MOM,Draft,25/4/23,7,1,0,WU,,arena,https://www.17lands.com/deck/1e312666262a43f5b2d61da6ca1a85f2/0
MOM,Draft,26/4/23,2,1,0,UB,,paper,https://www.instagram.com/p/CrhBDntt8U8/
MOM,Draft,28/4/23,3,3,0,UB,,arena,https://www.17lands.com/deck/f5c89f7144214358a4c9e01b4925a679/0
MOM,Draft,29/4/23,6,3,0,UG,R,arena,https://www.17lands.com/deck/a57c259ab7f14a92a7fd8af41b23c170/1
MOM,Draft,1/5/23,2,1,0,WU,,paper,https://www.instagram.com/p/CrtfFm5t5mz/
MOM,Draft,5/5/23,3,3,0,UB,,arena,https://www.17lands.com/deck/44c8d66b77b24fc193228d42ba1f8400/1
MOM,Draft,6/5/23,2,3,0,WBG,,arena,https://www.17lands.com/deck/17b0600b83ff42a4a4a951b9ed1b1b73/0
MOM,Draft,6/5/23,4,3,0,RG,U,arena,https://www.17lands.com/deck/8a2d6b9659394874b25add18dd2b2177/0
MOM,Draft,8/5/23,7,2,0,BG,W,arena,https://www.17lands.com/deck/9397a2784c8348d8bc85deaf894da2e5/0
MOM,Draft,11/5/23,2,3,0,UR,,arena,https://www.17lands.com/deck/6f5092879661433294ede43095750752/0
MOM,Draft,11/5/23,7,2,0,WU,,arena,https://www.17lands.com/deck/4cf8899f410641a5b88d4e48b014e49c/0
MOM,Draft,11/5/23,3,0,0,WG,,paper,https://www.instagram.com/p/CsHg1Zstje4/
MOM,Draft,13/5/23,7,2,0,WU,,arena,https://www.17lands.com/deck/7ba9b452c9834f1694cc87667ffb241c/0
MOM,Draft,13/5/23,7,2,0,UG,,arena,https://www.17lands.com/deck/e576354371d94b7d8c31ea7b5ed00c91/0
MOM,Draft,15/5/23,7,0,0,UB,,arena,https://www.17lands.com/deck/d9f59caba75f4b75af92aad8cb8841f5/0
MOM,Draft,16/5/23,2,1,0,WB,,paper,https://www.instagram.com/p/CsTkpfpNjyF/
MOM,Draft,18/5/23,4,3,0,UG,,arena,https://www.17lands.com/deck/2cae3c11a72a4e69b3f146430b42ef45/0
MOM,Draft,24/5/23,1,3,0,WG,B,arena,https://www.17lands.com/deck/b3b3ba9559bd4a71bd4101296bd9c66e/0
MOM,Draft,1/6/23,7,2,0,BG,U,arena,https://www.17lands.com/deck/08790977589d4c999d5fb7498ca6a072/0
MOM,Draft,2/6/23,7,2,0,UB,G,arena,https://www.17lands.com/deck/28708ff9f8624430a01452b3a4dc9c69/0
MOM,Draft,7/6/23,3,3,0,WU,,arena,https://www.17lands.com/deck/56f5001f19c14624b5711d576bff89c5/0
MOM,Draft,7/6/23,3,0,0,WUBRG,,paper,https://www.instagram.com/p/CtM1vFMttXE/
MOM,Draft,10/6/23,4,3,0,UBG,,arena,https://www.17lands.com/deck/831186021d4f42c79f74e9e4f2aa825f/0
MOM,Draft,18/6/23,0,2,1,WG,,paper,https://www.instagram.com/p/CtoCOzBtkqN/
MOM,Draft,2/7/23,3,0,0,WG,,paper,https://www.instagram.com/p/CuMBv6EtA8d/
MOM,Draft,15/7/23,1,1,1,UB,,paper,https://www.instagram.com/p/CuttEFANbx5/
NEO,Draft,16/7/23,4,3,0,UG,R,arena,https://www.17lands.com/deck/afb6a440c67142ee9fdc0c712bb7d43e/0
NEO,Draft,18/7/23,7,1,0,UR,,arena,https://www.17lands.com/deck/3cb6a41c81314c1a9a01acc35296501b/0
NEO,Draft,19/7/23,2,3,0,WG,,arena,https://www.17lands.com/deck/943aee82bd6b4ded81ed1f58474e1548/0
NEO,Draft,19/7/23,3,3,0,UB,,arena,https://www.17lands.com/deck/cfc6e4a6efcc4aa1a8733ade67956ea1/0
NEO,Draft,22/7/23,7,1,0,WUG,,arena,https://www.17lands.com/deck/8561f19095134981be0a901bb5164572/0
LTR,Draft,31/7/23,1,1,1,BR,,paper,https://www.instagram.com/p/CvWj8heNIU8/
BRO,Draft,1/8/23,1,3,0,BG,,arena,https://www.17lands.com/deck/9d165391ab1c416fa989864be5b0fe18/0
CHS,Draft,5/8/23,5,3,0,UB,WR,arena,https://www.17lands.com/deck/b6515f663150459392a5909b80662233/0
CHS,Draft,6/8/23,0,3,0,BG,W,arena,https://www.17lands.com/deck/1d28ecee1982428d8eae4a9ae1cad4dc/0
CHS,Draft,6/8/23,1,3,0,UG,B,arena,https://www.17lands.com/deck/888c46fac17c4b39a2d0a30888bb0048/0
CHS,Draft,6/8/23,2,3,0,WG,,arena,https://www.17lands.com/deck/2052d37e6ace4aa2811629ca9e758e7e/0
CHS,Draft,6/8/23,7,2,0,WU,,arena,https://www.17lands.com/deck/7a789465c21e40baaa46d6baf2daed5f/0
CHS,Draft,7/8/23,7,1,0,BG,,arena,https://www.17lands.com/deck/a151dcf2a47743e88807f626f1315243/0
CHS,Draft,10/8/23,0,3,0,UR,W,arena,https://www.17lands.com/deck/94907b777a1d4815a924f9650f54959f/0
CHS,Draft,12/8/23,2,3,0,BG,U,arena,https://www.17lands.com/deck/69bacfa952564018a8764fa42f2f4b68/0
CHS,Draft,14/8/23,3,0,0,WU,,paper,https://www.instagram.com/p/Cv7Pf-yt9wt/
ELD,Draft,15/8/23,1,3,0,UB,,arena,https://www.17lands.com/deck/ea97260d96734bf38071aaab3aa54705/0
WOE,Sealed,7/9/23,2,1,0,UG,W,paper,https://www.instagram.com/p/Cw4NtZmNcbW/
WOE,Draft,8/9/23,1,3,0,WU,,arena,https://www.17lands.com/deck/7fb9d73bbee4431c981a8efc8d126132/0
WOE,Draft,8/9/23,3,3,0,BR,,arena,https://www.17lands.com/deck/a9ba6c20815848efb80fd125bd37e3db/0
WOE,Draft,9/9/23,3,3,0,WG,B,arena,https://www.17lands.com/deck/d9f358a4aff746fa9af9852dd1f702c4/0
WOE,Draft,13/9/23,0,3,0,BR,,arena,https://www.17lands.com/deck/3d76dd6469114a1aa2df64480e4fd4e9/0
WOE,Draft,13/9/23,1,3,0,WR,,arena,https://www.17lands.com/deck/0bfe587f80e04db181aa04dbadb64289/0
WOE,Draft,16/9/23,1,3,0,WR,,arena,https://www.17lands.com/deck/97008281e5af453fa960d2aaad076334/0
WOE,Draft,19/9/23,0,2,1,BG,W,paper,https://www.instagram.com/p/CxX4HRQNRj-/
WOE,Draft,20/9/23,3,0,0,WB,,paper,https://www.instagram.com/p/CxbZEcHNcJ_/
WOE,Draft,22/9/23,3,3,0,BG,R,arena,https://www.17lands.com/deck/b1591b550c5d4e25904dbe53dc2cdb55/0
SIR,Draft,18/10/23,7,1,0,WB,,arena,https://www.17lands.com/deck/33c527d6c9c24e4e9a5783572f5b0b28/0
WOE,Draft,25/10/23,2,3,0,UB,,arena,https://www.17lands.com/deck/753b5eda4078467787135540d9725aef/0
WOE,Draft,30/10/23,2,1,0,BG,,paper,https://www.instagram.com/p/CzA_I1tNSkG/
WOE,Draft,2/11/23,2,1,0,WU,,paper,https://www.instagram.com/p/CzJv6E6NDJR/
WOE,Draft,8/11/23,5,3,0,WR,,arena,https://www.17lands.com/deck/599ec6ca1a934b44a084826fe55a6f2e/0
WOE,Draft,9/11/23,2,1,0,RG,W,paper,https://www.instagram.com/p/Cza9uomtZam/
LCI,Sealed,14/11/23,3,3,0,BR,,arena,https://www.17lands.com/deck/08767afcb96d4ccbbcacf533a63923e5/0
LCI,Draft,15/11/23,4,3,0,UR,,arena,https://www.17lands.com/deck/a782233928754f06a7a12aadb4771e0e/0
LCI,Draft,15/11/23,6,3,0,BG,,arena,https://www.17lands.com/deck/630871fa163b4bcbb21991f015e6e39d/0
LCI,Draft,16/11/23,5,3,0,WB,,arena,https://www.17lands.com/deck/bfb4670633224b4aa68efe553ccf9dae/0
LCI,Draft,16/11/23,6,3,0,RG,,arena,https://www.17lands.com/deck/33687b2dbf1f448d82e5c4c99f1eab22/0
LCI,Draft,17/11/23,1,3,0,BR,,arena,https://www.17lands.com/deck/01a4c83f0d504ada9826bd895c6c9df2/0
LCI,Draft,17/11/23,2,3,0,WB,,arena,https://www.17lands.com/deck/5f370e5853d14056875dcddb32f96635/0
LCI,Draft,17/11/23,6,3,0,UR,,arena,https://www.17lands.com/deck/1c7243f8efda4bafafcb03625a84d83c/0
LCI,Draft,18/11/23,7,1,0,UG,,arena,https://www.17lands.com/deck/19d2e7041e2c478ca3c0a5f7e8688edb/0
LCI,Draft,19/11/23,5,3,0,B,R,arena,https://www.17lands.com/deck/55d43d1b68a14c02a79a2d22c8b9cbe7/0
LCI,Draft,21/11/23,4,3,0,BR,,arena,https://www.17lands.com/deck/803b99ecb6704e8993946408d4152e10/0
LCI,Draft,21/11/23,5,3,0,UR,,arena,https://www.17lands.com/deck/bf5d5b7ef7194c5fb5b60cd11aac9c4e/0
LCI,Sealed,21/11/23,2,1,0,WB,,paper,https://www.instagram.com/p/Cz5reGQNmcL/
LCI,Draft,22/11/23,7,2,0,UR,,arena,https://www.17lands.com/deck/f0b4c711a1dc47d8a97bfbab473de7b4/0
LCI,Sealed,22/11/23,4,0,0,UB,,paper,https://www.instagram.com/p/Cz6UvcotC-w/
LCI,Draft,23/11/23,7,0,0,UB,,arena,https://www.17lands.com/deck/482ad7966cbf460b9375184c097233c6/0
LCI,Draft,24/11/23,1,3,0,WR,G,arena,https://www.17lands.com/deck/4db5220efcae4d4ca5a55236b7cc06d5/0
LCI,Draft,24/11/23,3,3,0,WU,,arena,https://www.17lands.com/deck/0ff92d70c8ae42d784146e621978ac40/0
LCI,Draft,24/11/23,4,3,0,WB,,arena,https://www.17lands.com/deck/7c81bc18deb94b0da3070c2def711411/0
LCI,Draft,24/11/23,5,3,0,WB,,arena,https://www.17lands.com/deck/ee5b45885f7a4af0be7defdad161e680/0
LCI,Draft,24/11/23,2,0,1,BR,,paper,https://www.instagram.com/p/C0B-GOdtI7q/
LCI,Draft,26/11/23,1,3,0,WG,,arena,https://www.17lands.com/deck/42db8e2e23c64a13a60fa66020a0ff60/0
LCI,Draft,26/11/23,4,3,0,WU,,arena,https://www.17lands.com/deck/86f649e4e82d477f86e5816389409c9e/0
LCI,Sealed,27/11/23,1,2,0,WR,,paper,https://www.instagram.com/p/C0KtJDbNH7h/
LCI,Draft,27/11/23,3,3,0,UR,,arena,https://www.17lands.com/deck/1c0a6744953241c5b88e99181fd67f28/0
LCI,Draft,28/11/23,2,3,0,WR,,arena,https://www.17lands.com/deck/e474c600003b43bc9e1d35e3ef6c7ee1/0
LCI,Draft,28/11/23,3,3,0,BR,,arena,https://www.17lands.com/deck/188e73758e374c8e83f7d75b78be3f97/0
LCI,Draft,28/11/23,4,3,0,UR,,arena,https://www.17lands.com/deck/3eac4f4b55164a019931d0cca8a380aa/0
LCI,Draft,28/11/23,5,3,0,UG,R,arena,https://www.17lands.com/deck/be785176cb7145ea9b01c11b5af4f0ff/0
LCI,Draft,29/11/23,2,3,0,WR,G,arena,https://www.17lands.com/deck/8c2996b09f044dc98e0f9bca858b313d/1
LCI,Draft,29/11/23,3,3,0,UB,,arena,https://www.17lands.com/deck/1a527be432be4d3caed3ce3a11d960d8/0
LCI,Draft,29/11/23,4,3,0,UR,,arena,https://www.17lands.com/deck/72426d56af8645bfa604459b0a38cec9/0
LCI,Draft,29/11/23,7,1,0,WB,,arena,https://www.17lands.com/deck/dda0bb59cc1241ebab16149635d2e51b/0
LCI,Draft,30/11/23,3,0,0,WU,,paper,https://www.instagram.com/p/C0RnyWgNMhV/
LCI,Draft,1/12/23,2,3,0,UR,,arena,https://www.17lands.com/deck/e3bad432c0574f34a27437900800cf6d/0
LCI,Draft,2/12/23,2,3,0,WU,,arena,https://www.17lands.com/deck/83eaf97a2fda4991820a328dcaaed5ff/0
LCI,Draft,6/12/23,3,0,0,WU,,paper,https://www.instagram.com/p/C0geMZotROd/
LCI,Draft,7/12/23,6,3,0,WU,,arena,https://www.17lands.com/deck/17cb7c263b1c41c3a56c145c0b75d211/0
LCI,Draft,9/12/23,1,3,0,WU,,arena,https://www.17lands.com/deck/5e2bf7411fa04d83a5065abb213039ae/0
KTK,Draft,12/12/23,7,2,0,WBG,UR,arena,https://www.17lands.com/deck/822371cd1c76467a9e0baa01ddf6a950/0
KTK,Draft,14/12/23,2,3,0,UBG,,arena,https://www.17lands.com/deck/eecab03592524195ab0396c754c902c5/0
LCI,Draft,14/12/23,2,1,0,UR,,paper,https://www.instagram.com/p/C00uznHtwzp/
KTK,Draft,18/12/23,4,3,0,WBG,,arena,https://www.17lands.com/deck/11500b8d9f09489a82d9f7d1d9b5a388/0
KTK,Draft,18/12/23,7,1,0,URG,WB,arena,https://www.17lands.com/deck/d2e6934bddb64eca83e4d28419be87f5/0
KTK,Draft,20/12/23,4,3,0,UBG,,arena,https://www.17lands.com/deck/43a8068f109f443399c51120351aff6f/0
KTK,Draft,22/12/23,1,3,0,WUBRG,,arena,https://www.17lands.com/deck/e4d5f0c3cbc5444ca421b8fd90258d3e/1
LCI,Draft,31/12/23,1,1,1,RG,,paper,https://www.instagram.com/p/C1goHdfNIZz/
LCI,Draft,7/1/24,2,1,0,WB,,paper,https://www.instagram.com/p/C1zZ8QMt-Tb/
LCI,Draft,14/1/24,1,2,0,UB,,paper,https://www.instagram.com/p/C2FhMZrtzbQ/
LCI,Draft,18/1/24,1,3,0,WU,,arena,https://www.17lands.com/deck/d62ebd3e82054a249558f35722cce53a/0
LCI,Draft,20/1/24,2,0,1,WU,,paper,https://www.instagram.com/p/C2UeHwNNm2a/
DMU,Draft,1/2/24,1,2,0,WUBRG,,paper,https://www.instagram.com/p/C2zg_JhN29f/
MKM,Sealed,6/2/24,2,1,0,WU,,paper,https://www.instagram.com/p/C3AF_HYtg6_/
MKM,Draft,7/2/24,1,3,0,BR,,arena,https://www.17lands.com/deck/fae128ccf0ae4a8883108da10fde0018/0
MKM,Draft,7/2/24,1,3,0,UB,,arena,https://www.17lands.com/deck/819c36556fe24183a9a0442bf17241ed/0
MKM,Draft,7/2/24,3,3,0,UG,,arena,https://www.17lands.com/deck/3f303f012a2947bb87de9ec6c5839a12/0
MKM,Draft,9/2/24,5,3,0,WUG,,arena,https://www.17lands.com/deck/f499f80185a94150be9ca2ce5318828d/1
MKM,Draft,10/2/24,6,3,0,BG,,arena,https://www.17lands.com/deck/f39106f756784fd3abf80e0e00463c98/0
MKM,Sealed,10/2/24,2,1,1,UB,,paper,https://www.instagram.com/p/C3KXpY8tpXd/
MKM,Draft,12/2/24,2,3,0,WR,,arena,https://www.17lands.com/deck/1e9b53b6fb584165b902b879bef40142/0
MKM,Draft,12/2/24,7,2,0,URG,B,arena,https://www.17lands.com/deck/ed0ba0bf08254fbea2cd8e322c3dfdee/0
MKM,Draft,14/2/24,7,2,0,WU,,arena,https://www.17lands.com/deck/b416fa6385e345c9ab5a2063e1908f8a/0
MKM,Draft,15/2/24,1,2,0,WB,,paper,https://www.instagram.com/p/C3X5pMytnE0/
MKM,Sealed,17/2/24,3,0,0,WB,,paper,https://www.instagram.com/p/C3deFl5tSIB/
MKM,Draft,20/2/24,4,3,0,UG,WB,arena,https://www.17lands.com/deck/584f325eae0f424e9c4827d0a1517dad/0
MKM,Draft,22/2/24,5,3,0,WUG,BR,arena,https://www.17lands.com/deck/17715e84eec54dbd99256bf424f4477f/0
MKM,Draft,22/2/24,2,1,0,WB,U,paper,https://www.instagram.com/p/C3qv6jTtsTi/
MKM,Sealed,22/2/24,7,2,0,WU,RG,arena,https://www.17lands.com/deck/6681a5fa2ebf457784d04349b7495915/0
MKM,Draft,24/2/24,2,3,0,UR,WBG,arena,https://www.17lands.com/deck/2ca4c07ea60243dd85fe8d917494d066/1
MKM,Sealed,26/2/24,1,3,0,WUR,G,arena,https://www.17lands.com/deck/c8d657be77944fe2b88ba7f8c9557d84/0
MKM,Draft,27/2/24,7,0,0,RG,W,arena,https://www.17lands.com/deck/c8554720e8af4f60b6b9a5830a312f45/0
MKM,Draft,29/2/24,2,3,0,URG,,arena,https://www.17lands.com/deck/16f53f053d094a33b2f00f6a9e4276d4/0
MKM,Draft,1/3/24,4,3,0,UB,,arena,https://www.17lands.com/deck/5fcedccacd6948d2a11da73f6dcd2b67/0
MKM,Draft,1/3/24,4,3,0,BG,,arena,https://www.17lands.com/deck/88b169f992644119a03076ee60ac1072/0
MKM,Draft,6/3/24,2,1,0,WR,,paper,https://www.instagram.com/p/C4LMWb5tZEZ/
MKM,Draft,7/3/24,1,3,0,WUR,,arena,https://www.17lands.com/deck/9327e8c9862a4a36887698229307b641/1
MKM,Draft,7/3/24,2,3,0,URG,,arena,https://www.17lands.com/deck/03a29c1ec2e943c99c9e0c0a75157443/0
MKM,Draft,8/3/24,5,3,0,WG,,arena,https://www.17lands.com/deck/08024f65f6fc402099631efad44aa03c/0
MKM,Draft,12/3/24,4,3,0,RG,WUB,arena,https://www.17lands.com/deck/91805f6e00e24cbaa216cdaa602ad5ac/0
MKM,Draft,12/3/24,7,1,0,UBG,,arena,https://www.17lands.com/deck/9dbab3135a95417f8bd7c874e11e4f46/0
MKM,Draft,20/3/24,2,3,0,UR,,arena,https://www.17lands.com/deck/aa9af0bdb5894234a358364a12823b8d/0
MKM,Draft,21/3/24,2,1,0,UG,,paper,https://www.instagram.com/p/C4yZfs1Nj8d/
MKM,Draft,27/3/24,2,3,0,UR,,arena,https://www.17lands.com/deck/f5aa7044232649d7a0f6470ef17980c0/0
MKM,Draft,27/3/24,4,3,0,WRG,U,arena,https://www.17lands.com/deck/d786cea14a714ee98314df44a241b75f/0
MKM,Draft,29/3/24,3,0,0,WG,,paper,https://www.instagram.com/p/C5G87iItuQk/
RAVM,Draft,30/3/24,4,3,0,UG,B,arena,https://www.17lands.com/deck/000e43cca69249ae87d2179699c01dcf/0
MKM,Draft,6/4/24,1,1,1,WR,U,paper,https://www.instagram.com/p/C5b2iHbtoob/
MKM,Draft,11/4/24,2,1,0,UG,R,paper,https://www.instagram.com/p/C5n5GeUNwe7/
OTJ,Sealed,18/4/24,2,1,0,BG,U,paper,https://www.instagram.com/p/C566IPRt5hb/
OTJ,Draft,18/4/24,7,1,0,BRG,,arena,https://www.17lands.com/deck/c88b81833a35405fa21ce93f0adc5083/0
OTJ,Sealed,19/4/24,3,0,0,UB,,paper,https://www.instagram.com/p/C566Xx2tW24/
OTJ,Sealed,20/4/24,0,3,1,UG,,paper,https://www.instagram.com/p/C566oUjtT91/
OTJ,Draft,20/4/24,7,2,0,WG,,arena,https://www.17lands.com/deck/8b4a25114647420fb4f02558b9951260/1
OTJ,Draft,24/4/24,3,3,0,WRG,,arena,https://www.17lands.com/deck/c0a546534bf14c1e8d37d394879a5857/0
OTJ,Draft,24/4/24,3,0,0,UG,B,paper,https://www.instagram.com/p/C6I3nS1NIA5/
OTJ,Draft,26/4/24,6,3,0,WG,B,arena,https://www.17lands.com/deck/8bdfc45a3cef4ff4a07e8c29cab16fee/1
OTJ,Draft,27/4/24,4,3,0,BG,W,arena,https://www.17lands.com/deck/f0a7a909ac0d42bebc9aff4012a097c8/0
OTJ,Draft,1/5/24,1,3,0,BG,,arena,https://www.17lands.com/deck/73ec16c55d644267aadba21cd597b726/0
OTJ,Draft,1/5/24,2,3,0,WG,,arena,https://www.17lands.com/deck/b058bc021daf41c99dedbdae329bed44/0
OTJ,Draft,5/5/24,5,3,0,BG,U,arena,https://www.17lands.com/deck/5265655e86d34da4874624cf9f9b7f76/0
OTJ,Draft,6/5/24,3,0,0,BG,,paper,https://www.instagram.com/p/C6pK-hON2JZ/
OTJ,Draft,14/5/24,3,3,0,UB,,arena,https://www.17lands.com/deck/5865d46b9aef44c39b7285ec608ad89b/0
THB,Draft,18/5/24,7,1,0,WB,,arena,https://www.17lands.com/deck/4430558029bc404aaa9db748cd92cc58/0
OTJ,Draft,23/5/24,2,1,0,UG,B,paper,https://www.instagram.com/p/C7T075St_K_/
OTJ,Draft,31/5/24,7,2,0,BG,W,arena,https://www.17lands.com/deck/31ef355e161f477a82f3b5ce512549f2/0
OTJ,Draft,31/5/24,3,0,0,UG,,paper,https://www.instagram.com/p/C7oKf8LtOoa/
MH3,Sealed,14/6/24,4,3,0,URG,,arena,https://www.17lands.com/deck/bbb8c42b92c9404dafc5fcdf8495e035/0
OTJ,Draft,16/6/24,3,0,0,WR,,paper,https://www.instagram.com/p/C8RL-RDtu0g/
OTJ,Draft,22/6/24,7,2,0,WG,R,arena,https://www.17lands.com/deck/678eab28da514917a3fdb83446fa1d10/1
OTJ,Draft,26/6/24,2,1,0,WR,,paper,https://www.instagram.com/p/C8rXirvN7nu/
DMU,Draft,10/7/24,2,1,0,WUBRG,,paper,https://www.instagram.com/p/C9QVp8vR9Fz/
WOE,Draft,11/7/24,1,3,0,BG,W,arena,https://www.17lands.com/deck/eadde5f009e5478db5fa227ee50e5607/0
OTJ,Draft,16/7/24,4,3,0,WG,,arena,https://www.17lands.com/deck/994014a338b340d9aa43f4a031f92684/0
BLB,Sealed,30/7/24,1,3,0,WB,U,arena,https://www.17lands.com/deck/a3bbfcf21130412aa95022aa451e0ee7/0
MOM,Draft,1/8/24,2,0,1,RG,,paper,https://www.instagram.com/p/C-IPuYYNFpT/
BLB,Draft,2/8/24,4,3,0,WG,U,arena,https://www.17lands.com/deck/87c51a6ae03048ab89389e9c3c63f798/0
BLB,Draft,3/8/24,6,3,0,WUG,,arena,https://www.17lands.com/deck/e827ab943c6c4f6cb36c79867f78c1db/0
BLB,Draft,6/8/24,4,3,0,WB,,arena,https://www.17lands.com/deck/2991182284f944a883e0b43d3a8df3d0/0
BLB,Draft,6/8/24,7,2,0,WB,,arena,https://www.17lands.com/deck/e84039e960a343b68c40517191bd502d/0
BLB,Draft,8/8/24,2,3,0,BG,,arena,https://www.17lands.com/deck/a5c451f5c78d44c8a2240d83bae289bc/0
BLB,Draft,9/8/24,7,2,0,RG,,arena,https://www.17lands.com/deck/9187229331d2413cb8eb52ad4cfe6d6f/0
BLB,Sealed,10/8/24,4,0,0,WG,,paper,https://www.instagram.com/p/C-hT-HOtHXh/
BLB,Sealed,11/8/24,4,0,0,BG,R,paper,https://www.instagram.com/p/C-hSzf1tWrb/
BLB,Draft,13/8/24,5,3,0,WB,,arena,https://www.17lands.com/deck/140b3a112a91490880c055666ad6741e/0
BLB,Draft,14/8/24,5,3,0,BR,,arena,https://www.17lands.com/deck/2728f40daec8401fa1ff186a05099d69/1
BLB,Draft,14/8/24,5,3,0,RG,B,arena,https://www.17lands.com/deck/b0477071e03b49b59a20a1d0c7ea78ad/0
BLB,Draft,16/8/24,4,3,0,WR,,arena,https://www.17lands.com/deck/fd40e0f9c42c43f0b698b0e2bb3a1d31/0
BLB,Draft,16/8/24,2,1,0,WB,,paper,https://www.instagram.com/p/C-uv5lYNsrW/
BLB,Draft,25/8/24,2,1,0,UG,,paper,https://www.instagram.com/p/C_FidaJtU0S/
BLB,Draft,28/8/24,4,3,0,BG,,arena,https://www.17lands.com/deck/86fe456475884f54906655dc30eebd6c/0
BLB,Draft,30/8/24,2,1,0,UR,,paper,https://www.instagram.com/p/C_Scxsltiu7/
BLB,Draft,1/9/24,2,3,0,UR,,arena,https://www.17lands.com/deck/8b6ae87d27184cb380141f1266009b93/0
BLB,Draft,2/9/24,1,2,0,WR,,arena,https://www.17lands.com/deck/8b6ae87d27184cb380141f1266009b93/0
BLB,Draft,2/9/24,7,2,0,BG,WR,arena,https://www.17lands.com/deck/079d06058364450cb567987282cb1af3/0
BLB,Draft,3/9/24,1,3,0,WB,,arena,https://www.17lands.com/deck/39cd46493b5944228d05bdd53c397aff/0
BLB,Draft,5/9/24,2,3,0,BG,,arena,https://www.17lands.com/deck/cf49d1b1a9fd43ca84b048a038d9afbe/0
DMU,Draft,9/9/24,7,0,0,WR,,arena,https://www.17lands.com/deck/7146560de9424bce82a87082d8e8500d/0
AKR,Draft,10/9/24,3,3,0,UR,,arena,https://www.17lands.com/deck/acea26fb19394063b9aaec6b7e194a55/1
AKR,Draft,11/9/24,1,3,0,WB,,arena,https://www.17lands.com/deck/0d94d99c70b8411c9085fc542ba3d27c/0
AKR,Draft,11/9/24,2,3,0,UR,B,arena,https://www.17lands.com/deck/716ef5e419c7489891be74a9494900d4/0
BLB,Draft,11/9/24,1,1,1,BG,U,paper,https://www.instagram.com/p/C_xv5-qNMpV/
AKR,Draft,11/9/24,7,2,0,WR,,arena,https://www.17lands.com/deck/63a9577701d74d25b0ede3ba63065db8/0
AKR,Draft,13/9/24,7,1,0,WR,,arena,https://www.17lands.com/deck/cc51e43817f14e5f8cccf9ffe7a8798f/0
BLB,Draft,14/9/24,5,3,0,WB,UG,arena,https://www.17lands.com/deck/ddc64843b2be463c9b3dbf28e51087ef/0
BLB,Draft,15/9/24,3,3,0,UG,,arena,https://www.17lands.com/deck/77c0df7cbb8b4ae8b718b25359648a50/0
AKR,Draft,17/9/24,6,3,0,UR,,arena,https://www.17lands.com/deck/a3854ecfa7e04862b28b023a7726ea73/0
ZNR,Draft,18/9/24,6,3,0,UB,,arena,https://www.17lands.com/deck/85b82c9d032148e193414d755bc0aa70/0
ZNR,Draft,18/9/24,7,1,0,WR,,arena,https://www.17lands.com/deck/e1d0c10a8e3d44ebbdb6a154a0a73e65/0
ZNR,Draft,19/9/24,1,3,0,WB,,arena,https://www.17lands.com/deck/05c6766765d848ffbdf58ce0b7733d49/0
ZNR,Draft,19/9/24,4,3,0,UR,,arena,https://www.17lands.com/deck/8b490cdbbe1a481c919eaba4d5f40d3e/0
ZNR,Draft,20/9/24,6,3,0,BR,,arena,https://www.17lands.com/deck/4625c9631af04aa3b6a029b263de7ddd/0
ZNR,Draft,21/9/24,2,3,0,BR,,arena,https://www.17lands.com/deck/4e6b90cbc64e45e38c0ced446deb5619/0
ZNR,Draft,21/9/24,5,3,0,UR,,arena,https://www.17lands.com/deck/5965b568bc044e1c91c175c8e4dbfaab/0
BLB,Draft,21/9/24,2,1,0,WG,U,paper,https://www.instagram.com/p/DALHMffNqRm/
ZNR,Draft,22/9/24,7,2,0,WB,,arena,https://www.17lands.com/deck/26f3097ed9d743bf8df465c20beb3a67/0
DSK,Sealed,24/9/24,3,3,0,WG,,arena,https://www.17lands.com/deck/c25a9d2bbf0144e88e5cd817558db6a5/0
DSK,Draft,25/9/24,0,3,0,BG,,arena,https://www.17lands.com/deck/ece20754aebf40bfa0b425cd59cb1260/0
DSK,Draft,25/9/24,2,3,0,WU,R,arena,https://www.17lands.com/deck/9bad3245da094946b8ad66cd9d3debc9/0
DSK,Draft,25/9/24,2,3,0,RG,,arena,https://www.17lands.com/deck/360b484357534478beba21c4010decb6/0
DSK,Draft,26/9/24,4,3,0,UR,,arena,https://www.17lands.com/deck/214f4a363a004889b49736f09f4ba483/0
DSK,Draft,27/9/24,0,3,0,UG,R,arena,https://www.17lands.com/deck/4aaeca9d61cf414eaee132b849b9f368/0
DSK,Draft,27/9/24,1,3,0,WB,,arena,https://www.17lands.com/deck/6b8bb19111bd4c82a9bb53ad3236d07a/0
DSK,Draft,27/9/24,1,3,0,WU,,arena,https://www.17lands.com/deck/ded8fa284f264432b231325291fc144c/0
DSK,Draft,27/9/24,3,3,0,BG,,arena,https://www.17lands.com/deck/ccb1a1372a91492597464296a4636f94/0
DSK,Draft,27/9/24,5,3,0,RG,B,arena,https://www.17lands.com/deck/8e363eda2c4c449992bd2a499fdc401a/0
DSK,Sealed,27/9/24,3,1,0,WU,,paper,https://www.instagram.com/p/DAaUmFhNyjV/
DSK,Draft,28/9/24,5,3,0,RG,B,arena,https://www.17lands.com/deck/20555e90d7ec44ae849b131cb23da181/0
DSK,Draft,30/9/24,4,3,0,WB,,arena,https://www.17lands.com/deck/94c3072c115e49909d62c8463d425c44/0
DSK,Draft,1/10/24,1,3,0,WG,B,arena,https://www.17lands.com/deck/f40e56ba2b3447c48bd35741f38313b8/0
DSK,Draft,1/10/24,2,1,0,RG,,paper,https://www.instagram.com/p/DAliqtYNiAU/
DSK,Draft,2/10/24,1,3,0,BR,,arena,https://www.17lands.com/deck/176ab7d01d31401ebae8f66c6f269e37/0
DSK,Sealed,3/10/24,3,0,0,UG,B,paper,https://www.instagram.com/p/DAqQsjxNGde/
DSK,Draft,13/10/24,7,1,0,BR,,arena,https://www.17lands.com/deck/ec5e04b1118e4dccb3e2ea32f91d04e6/0
DSK,Draft,14/10/24,3,3,0,RG,,arena,https://www.17lands.com/deck/0fad0f980f32432c8293622feeefb51c/0
DSK,Draft,15/10/24,7,2,0,RG,,arena,https://www.17lands.com/deck/239b882189144e6cb9fca76722220dae/1
DSK,Draft,16/10/24,3,3,0,BR,G,arena,https://www.17lands.com/deck/3e404db70ea642cea3591f9d289c08e2/1
DSK,Draft,16/10/24,4,3,0,WR,,arena,https://www.17lands.com/deck/7c7a124e413842a289d21e7551a3dc63/0
DSK,Draft,18/10/24,2,3,0,WR,,arena,https://www.17lands.com/deck/4e913ebc663d4daeb986142801104319/0
DSK,Draft,18/10/24,5,3,0,BG,R,arena,https://www.17lands.com/deck/5604986e012f47628550a38e9fc6e062/1
DSK,Draft,18/10/24,7,0,0,WR,,arena,https://www.17lands.com/deck/e238ac9f7933451d8c031adf7f62e0cf/0
DSK,Draft,19/10/24,7,2,0,WU,B,arena,https://www.17lands.com/deck/b874c8f5d3744d9897d8f74b33ac7f73/0
DSK,Draft,20/10/24,7,2,0,WR,,arena,https://www.17lands.com/deck/8f9b77f14d604005a5189fa287279f3e/0
DSK,Draft,21/10/24,7,2,0,BR,,arena,https://www.17lands.com/deck/ffc772278f824a39bad20014a663c4c0/0
DSK,Draft,21/10/24,3,0,0,RG,,paper,https://www.instagram.com/p/DBYSk3mtYzl/
KHM,Draft,24/10/24,2,3,0,UR,,arena,https://www.17lands.com/deck/131e4fae8dfa487fa0107610ec9f27a0/0
KHM,Draft,24/10/24,7,0,0,WG,BR,arena,https://www.17lands.com/deck/c3b5fefa248e4097bb8dd9c55d820717/0
DSK,Draft,2/11/24,2,1,0,WR,,paper,https://www.instagram.com/p/DB3RUJRtgHD/
DSK,Draft,2/11/24,7,2,0,WU,,arena,https://www.17lands.com/deck/f3ef0e670a4942448a5be383c3397237/0
FDN,Sealed,10/11/24,2,2,0,BR,,paper,https://www.instagram.com/p/DCU72H4N5Rv/
FDN,Sealed,13/11/24,3,3,0,UG,W,arena,https://www.17lands.com/deck/e3771201a9d54f92ad25c68180306456
FDN,Draft,16/11/24,5,3,0,WG,,arena,https://www.17lands.com/deck/09c9e41d7f1945bbb3a3b4265e38e16b
FDN,Draft,18/11/24,3,0,0,UG,,paper,https://www.instagram.com/p/DCgfFKwt7zg/?igsh=MXYwMjhmM3RvMXduNg==